NAME	GS<br> follow link to MSigDB	GS DETAILS	SIZE	ES	NES	NOM p-val	FDR q-val	FWER p-val	RANK AT MAX	LEADING EDGE	
INTERLEUKIN-10 SIGNALING%REACTOME DATABASE ID RELEASE 93%6783783	INTERLEUKIN-10 SIGNALING%REACTOME DATABASE ID RELEASE 93%6783783	Details ...	24	0.8661102	2.381123	0.0	0.0	0.0	69	tags=71%, list=7%, signal=74%	
OVERVIEW OF PROINFLAMMATORY AND PROFIBROTIC MEDIATORS%WIKIPATHWAYS_20250810%WP5095%HOMO SAPIENS	OVERVIEW OF PROINFLAMMATORY AND PROFIBROTIC MEDIATORS%WIKIPATHWAYS_20250810%WP5095%HOMO SAPIENS	Details ...	39	0.80592495	2.2881389	0.0	0.0	0.0	149	tags=72%, list=15%, signal=81%	
LUNG FIBROSIS%WIKIPATHWAYS_20250810%WP3624%HOMO SAPIENS	LUNG FIBROSIS%WIKIPATHWAYS_20250810%WP3624%HOMO SAPIENS	Details ...	17	0.8551862	2.1828763	0.0	0.0	0.0	58	tags=59%, list=6%, signal=61%	
PID_IL23_PATHWAY%MSIGDB_C2%PID_IL23_PATHWAY	PID_IL23_PATHWAY%MSIGDB_C2%PID_IL23_PATHWAY	Details ...	15	0.8630335	2.1495109	0.0	0.0	0.0	87	tags=67%, list=9%, signal=72%	
SARS COV 2 INNATE IMMUNITY EVASION AND CELL SPECIFIC IMMUNE RESPONSE%WIKIPATHWAYS_20250810%WP5039%HOMO SAPIENS	SARS COV 2 INNATE IMMUNITY EVASION AND CELL SPECIFIC IMMUNE RESPONSE%WIKIPATHWAYS_20250810%WP5039%HOMO SAPIENS	Details ...	23	0.81140864	2.145734	0.0	0.0	0.0	131	tags=65%, list=14%, signal=74%	
IL23-MEDIATED SIGNALING EVENTS%PATHWAY INTERACTION DATABASE NCI-NATURE CURATED DATA%IL23-MEDIATED SIGNALING EVENTS	IL23-MEDIATED SIGNALING EVENTS%PATHWAY INTERACTION DATABASE NCI-NATURE CURATED DATA%IL23-MEDIATED SIGNALING EVENTS	Details ...	15	0.86303353	2.1070688	0.0	1.7388361E-4	0.001	87	tags=67%, list=9%, signal=72%	
CYTOKINE CYTOKINE RECEPTOR INTERACTION%WIKIPATHWAYS_20250810%WP5473%HOMO SAPIENS	CYTOKINE CYTOKINE RECEPTOR INTERACTION%WIKIPATHWAYS_20250810%WP5473%HOMO SAPIENS	Details ...	45	0.72781926	2.077688	0.0	5.9845333E-4	0.004	147	tags=53%, list=15%, signal=60%	
PHOTODYNAMIC THERAPY INDUCED NF KB SURVIVAL SIGNALING%WIKIPATHWAYS_20250810%WP3617%HOMO SAPIENS	PHOTODYNAMIC THERAPY INDUCED NF KB SURVIVAL SIGNALING%WIKIPATHWAYS_20250810%WP3617%HOMO SAPIENS	Details ...	17	0.8236062	2.0628445	0.0	5.236467E-4	0.004	149	tags=82%, list=15%, signal=96%	
HEPATITIS B INFECTION%WIKIPATHWAYS_20250810%WP4666%HOMO SAPIENS	HEPATITIS B INFECTION%WIKIPATHWAYS_20250810%WP4666%HOMO SAPIENS	Details ...	17	0.8122579	2.0594292	0.0	4.6546373E-4	0.004	131	tags=65%, list=14%, signal=74%	
NETWORK MAP OF SARS COV 2 SIGNALING%WIKIPATHWAYS_20250810%WP5115%HOMO SAPIENS	NETWORK MAP OF SARS COV 2 SIGNALING%WIKIPATHWAYS_20250810%WP5115%HOMO SAPIENS	Details ...	42	0.7164839	2.0556083	0.0	4.1891733E-4	0.004	131	tags=48%, list=14%, signal=53%	
TOLL LIKE RECEPTOR SIGNALING%WIKIPATHWAYS_20250810%WP75%HOMO SAPIENS	TOLL LIKE RECEPTOR SIGNALING%WIKIPATHWAYS_20250810%WP75%HOMO SAPIENS	Details ...	21	0.7852938	2.0493715	0.0	4.7593695E-4	0.005	131	tags=62%, list=14%, signal=70%	
POSITIVE REGULATION OF LEUKOCYTE MIGRATION%GOBP%GO:0002687	POSITIVE REGULATION OF LEUKOCYTE MIGRATION%GOBP%GO:0002687	Details ...	20	0.77325183	2.0343876	0.0	8.7147194E-4	0.01	52	tags=40%, list=5%, signal=41%	
SPINAL CORD INJURY%WIKIPATHWAYS_20250810%WP2431%HOMO SAPIENS	SPINAL CORD INJURY%WIKIPATHWAYS_20250810%WP2431%HOMO SAPIENS	Details ...	15	0.80941564	2.021594	0.0	9.6614787E-4	0.012	69	tags=47%, list=7%, signal=49%	
MIRNA ROLE IN IMMUNE RESPONSE IN SEPSIS%WIKIPATHWAYS_20250810%WP4329%HOMO SAPIENS	MIRNA ROLE IN IMMUNE RESPONSE IN SEPSIS%WIKIPATHWAYS_20250810%WP4329%HOMO SAPIENS	Details ...	15	0.84302354	2.0111327	0.0	0.00141799	0.018	148	tags=93%, list=15%, signal=109%	
INTEGRATIVE ANALYSIS OF TREG GLIAL INTERACTIONS %WIKIPATHWAYS_20250810%WP5561%HOMO SAPIENS	INTEGRATIVE ANALYSIS OF TREG GLIAL INTERACTIONS %WIKIPATHWAYS_20250810%WP5561%HOMO SAPIENS	Details ...	24	0.7511176	2.0079153	0.0	0.0013234573	0.018	77	tags=46%, list=8%, signal=49%	
ALZHEIMER 39 S DISEASE%WIKIPATHWAYS_20250810%WP5124%HOMO SAPIENS	ALZHEIMER 39 S DISEASE%WIKIPATHWAYS_20250810%WP5124%HOMO SAPIENS	Details ...	15	0.81295663	2.0069125	0.0011086474	0.0012407412	0.018	88	tags=53%, list=9%, signal=58%	
HALLMARK_TNFA_SIGNALING_VIA_NFKB%MSIGDBHALLMARK%HALLMARK_TNFA_SIGNALING_VIA_NFKB	HALLMARK_TNFA_SIGNALING_VIA_NFKB%MSIGDBHALLMARK%HALLMARK_TNFA_SIGNALING_VIA_NFKB	Details ...	125	0.6630781	2.0057328	0.0	0.0012290442	0.019	265	tags=66%, list=27%, signal=79%	
LEUKOCYTE MIGRATION%GOBP%GO:0050900	LEUKOCYTE MIGRATION%GOBP%GO:0050900	Details ...	35	0.7080279	2.000594	0.0	0.001451051	0.024	131	tags=43%, list=14%, signal=48%	
CELLULAR RESPONSE TO TUMOR NECROSIS FACTOR%GOBP%GO:0071356	CELLULAR RESPONSE TO TUMOR NECROSIS FACTOR%GOBP%GO:0071356	Details ...	23	0.7514928	1.9993474	0.0	0.0013746799	0.024	137	tags=57%, list=14%, signal=64%	
RESPONSE TO TUMOR NECROSIS FACTOR%GOBP%GO:0034612	RESPONSE TO TUMOR NECROSIS FACTOR%GOBP%GO:0034612	Details ...	26	0.74624246	1.9980612	0.0	0.0013574833	0.025	137	tags=54%, list=14%, signal=61%	
ALZHEIMER 39 S DISEASE AND MIRNA EFFECTS%WIKIPATHWAYS_20250810%WP2059%HOMO SAPIENS	ALZHEIMER 39 S DISEASE AND MIRNA EFFECTS%WIKIPATHWAYS_20250810%WP2059%HOMO SAPIENS		15	0.81295663	1.9960679	0.0	0.0013426571	0.026	88	tags=53%, list=9%, signal=58%	
REGULATION OF TOLL LIKE RECEPTOR SIGNALING%WIKIPATHWAYS_20250810%WP1449%HOMO SAPIENS	REGULATION OF TOLL LIKE RECEPTOR SIGNALING%WIKIPATHWAYS_20250810%WP1449%HOMO SAPIENS		31	0.7224729	1.9934524	0.0	0.0013291143	0.027	145	tags=55%, list=15%, signal=62%	
SIGNALING BY INTERLEUKINS%REACTOME DATABASE ID RELEASE 93%449147	SIGNALING BY INTERLEUKINS%REACTOME DATABASE ID RELEASE 93%449147		86	0.66098297	1.9931657	0.0	0.0012713268	0.027	149	tags=43%, list=15%, signal=46%	
CYTOSOLIC DNA SENSING PATHWAY%WIKIPATHWAYS_20250810%WP4655%HOMO SAPIENS	CYTOSOLIC DNA SENSING PATHWAY%WIKIPATHWAYS_20250810%WP4655%HOMO SAPIENS		16	0.78920496	1.9931372	0.0	0.0012183548	0.027	121	tags=69%, list=13%, signal=77%	
MACROPHAGE STIMULATING PROTEIN MSP SIGNALING%WIKIPATHWAYS_20250810%WP5353%HOMO SAPIENS	MACROPHAGE STIMULATING PROTEIN MSP SIGNALING%WIKIPATHWAYS_20250810%WP5353%HOMO SAPIENS		20	0.7714118	1.9926037	0.0	0.0012111837	0.027	149	tags=65%, list=15%, signal=75%	
IL12-MEDIATED SIGNALING EVENTS%PATHWAY INTERACTION DATABASE NCI-NATURE CURATED DATA%IL12-MEDIATED SIGNALING EVENTS	IL12-MEDIATED SIGNALING EVENTS%PATHWAY INTERACTION DATABASE NCI-NATURE CURATED DATA%IL12-MEDIATED SIGNALING EVENTS		19	0.76716244	1.9814855	0.0	0.00140756	0.033	85	tags=53%, list=9%, signal=57%	
PID_IL12_2PATHWAY%MSIGDB_C2%PID_IL12_2PATHWAY	PID_IL12_2PATHWAY%MSIGDB_C2%PID_IL12_2PATHWAY		18	0.77168506	1.9785372	0.0	0.0013940688	0.034	85	tags=56%, list=9%, signal=60%	
PROSTAGLANDIN SIGNALING%WIKIPATHWAYS_20250810%WP5088%HOMO SAPIENS	PROSTAGLANDIN SIGNALING%WIKIPATHWAYS_20250810%WP5088%HOMO SAPIENS		18	0.7610892	1.9559984	0.0	0.0026899024	0.069	160	tags=61%, list=17%, signal=72%	
REGULATION OF INTERLEUKIN-6 PRODUCTION%GOBP%GO:0032675	REGULATION OF INTERLEUKIN-6 PRODUCTION%GOBP%GO:0032675		20	0.7415369	1.955683	0.0010706638	0.0025971474	0.069	202	tags=75%, list=21%, signal=93%	
RESPONSE TO CYTOKINE%GOBP%GO:0034097	RESPONSE TO CYTOKINE%GOBP%GO:0034097		119	0.63615984	1.9551233	0.0	0.0025452585	0.07	235	tags=53%, list=24%, signal=61%	
DEFENSE RESPONSE TO SYMBIONT%GOBP%GO:0140546	DEFENSE RESPONSE TO SYMBIONT%GOBP%GO:0140546		68	0.6573427	1.9545522	0.0	0.0025306004	0.072	180	tags=47%, list=19%, signal=54%	
NEGATIVE REGULATION OF CELL DEVELOPMENT%GOBP%GO:0010721	NEGATIVE REGULATION OF CELL DEVELOPMENT%GOBP%GO:0010721		19	0.75891554	1.9524095	0.0010775862	0.002615749	0.076	109	tags=47%, list=11%, signal=52%	
CYTOKINE-MEDIATED SIGNALING PATHWAY%GOBP%GO:0019221	CYTOKINE-MEDIATED SIGNALING PATHWAY%GOBP%GO:0019221		76	0.6574754	1.950901	0.0	0.0025685767	0.077	184	tags=47%, list=19%, signal=54%	
POSITIVE REGULATION OF INFLAMMATORY RESPONSE%GOBP%GO:0050729	POSITIVE REGULATION OF INFLAMMATORY RESPONSE%GOBP%GO:0050729		42	0.6781311	1.9501097	0.0	0.0024930302	0.077	205	tags=55%, list=21%, signal=67%	
CELL SURFACE RECEPTOR SIGNALING PATHWAY VIA STAT%GOBP%GO:0097696	CELL SURFACE RECEPTOR SIGNALING PATHWAY VIA STAT%GOBP%GO:0097696		15	0.789304	1.9490845	0.0	0.0024516091	0.077	51	tags=40%, list=5%, signal=42%	
REGULATION OF LEUKOCYTE DIFFERENTIATION%GOBP%GO:1902105	REGULATION OF LEUKOCYTE DIFFERENTIATION%GOBP%GO:1902105		32	0.7136987	1.9459198	0.0	0.0026746648	0.086	121	tags=47%, list=13%, signal=52%	
HALLMARK_APOPTOSIS%MSIGDBHALLMARK%HALLMARK_APOPTOSIS	HALLMARK_APOPTOSIS%MSIGDBHALLMARK%HALLMARK_APOPTOSIS		25	0.71782494	1.9452547	0.0	0.002658695	0.088	203	tags=60%, list=21%, signal=74%	
TNFALPHA%IOB%TNFALPHA	TNFALPHA%IOB%TNFALPHA		21	0.7446701	1.9447262	0.0	0.0026436402	0.09	191	tags=71%, list=20%, signal=87%	
RESPONSE TO PEPTIDE%GOBP%GO:1901652	RESPONSE TO PEPTIDE%GOBP%GO:1901652		119	0.63615984	1.9431131	0.0	0.0027632748	0.096	235	tags=53%, list=24%, signal=61%	
DEFENSE RESPONSE TO OTHER ORGANISM%GOBP%GO:0098542	DEFENSE RESPONSE TO OTHER ORGANISM%GOBP%GO:0098542		70	0.65605104	1.9424773	0.0	0.002746642	0.098	181	tags=47%, list=19%, signal=54%	
REGULATION OF LEUKOCYTE MIGRATION%GOBP%GO:0002685	REGULATION OF LEUKOCYTE MIGRATION%GOBP%GO:0002685		29	0.7020338	1.941141	0.0	0.0027050974	0.099	52	tags=31%, list=5%, signal=32%	
CELLULAR RESPONSE TO LIPOPOLYSACCHARIDE%GOBP%GO:0071222	CELLULAR RESPONSE TO LIPOPOLYSACCHARIDE%GOBP%GO:0071222		38	0.68887746	1.9389654	0.0	0.0027906876	0.104	184	tags=63%, list=19%, signal=75%	
MYELOID LEUKOCYTE MIGRATION%GOBP%GO:0097529	MYELOID LEUKOCYTE MIGRATION%GOBP%GO:0097529		20	0.74478495	1.9346689	0.0	0.0031858513	0.123	131	tags=50%, list=14%, signal=57%	
POSITIVE REGULATION OF LEUKOCYTE CELL-CELL ADHESION%GOBP%GO:1903039	POSITIVE REGULATION OF LEUKOCYTE CELL-CELL ADHESION%GOBP%GO:1903039		38	0.6724204	1.9314964	0.002038736	0.0033983875	0.134	235	tags=63%, list=24%, signal=80%	
POSITIVE REGULATION OF CELL DEVELOPMENT%GOBP%GO:0010720	POSITIVE REGULATION OF CELL DEVELOPMENT%GOBP%GO:0010720		27	0.7093757	1.9300386	0.0010373445	0.0034624606	0.138	160	tags=48%, list=17%, signal=56%	
POSITIVE REGULATION OF DEFENSE RESPONSE%GOBP%GO:0031349	POSITIVE REGULATION OF DEFENSE RESPONSE%GOBP%GO:0031349		80	0.6444541	1.9298693	0.0	0.00340984	0.139	250	tags=61%, list=26%, signal=76%	
RESPONSE TO LIPOPOLYSACCHARIDE%GOBP%GO:0032496	RESPONSE TO LIPOPOLYSACCHARIDE%GOBP%GO:0032496		45	0.670866	1.9287452	0.0	0.0033593683	0.14	184	tags=58%, list=19%, signal=68%	
POSITIVE REGULATION OF HEMOPOIESIS%GOBP%GO:1903708	POSITIVE REGULATION OF HEMOPOIESIS%GOBP%GO:1903708		18	0.7495768	1.9274087	0.0010940919	0.0033327348	0.14	117	tags=50%, list=12%, signal=56%	
HALLMARK_IL6_JAK_STAT3_SIGNALING%MSIGDBHALLMARK%HALLMARK_IL6_JAK_STAT3_SIGNALING	HALLMARK_IL6_JAK_STAT3_SIGNALING%MSIGDBHALLMARK%HALLMARK_IL6_JAK_STAT3_SIGNALING		26	0.71296567	1.9228661	0.0	0.003499113	0.149	105	tags=38%, list=11%, signal=42%	
NEUROINFLAMMATION AND GLUTAMATERGIC SIGNALING%WIKIPATHWAYS_20250810%WP5083%HOMO SAPIENS	NEUROINFLAMMATION AND GLUTAMATERGIC SIGNALING%WIKIPATHWAYS_20250810%WP5083%HOMO SAPIENS		15	0.765654	1.9221299	0.0	0.0034707785	0.15	77	tags=40%, list=8%, signal=43%	
RESPONSE TO BACTERIUM%GOBP%GO:0009617	RESPONSE TO BACTERIUM%GOBP%GO:0009617		64	0.6476037	1.9188873	0.0	0.0035255814	0.153	184	tags=52%, list=19%, signal=59%	
GRANULOCYTE CHEMOTAXIS%GOBP%GO:0071621	GRANULOCYTE CHEMOTAXIS%GOBP%GO:0071621		16	0.76636255	1.9186383	0.0021929825	0.003497964	0.155	131	tags=56%, list=14%, signal=64%	
INTERLEUKIN-4 AND INTERLEUKIN-13 SIGNALING%REACTOME%R-HSA-6785807.8	INTERLEUKIN-4 AND INTERLEUKIN-13 SIGNALING%REACTOME%R-HSA-6785807.8		27	0.7105269	1.9139628	0.0	0.0037480928	0.167	82	tags=37%, list=8%, signal=39%	
CELLULAR RESPONSE TO CYTOKINE STIMULUS%GOBP%GO:0071345	CELLULAR RESPONSE TO CYTOKINE STIMULUS%GOBP%GO:0071345		101	0.6356074	1.9134071	0.0	0.003717565	0.169	213	tags=50%, list=22%, signal=58%	
POSITIVE REGULATION OF LEUKOCYTE DIFFERENTIATION%GOBP%GO:1902107	POSITIVE REGULATION OF LEUKOCYTE DIFFERENTIATION%GOBP%GO:1902107		18	0.7495768	1.912313	0.0	0.0037261117	0.172	117	tags=50%, list=12%, signal=56%	
UTERINE NATURAL KILLER CELLS AND PROGESTERONE ESTROGEN AND CHORIONIC GONADOTROPIN%WIKIPATHWAYS_20250810%WP5569%HOMO SAPIENS	UTERINE NATURAL KILLER CELLS AND PROGESTERONE ESTROGEN AND CHORIONIC GONADOTROPIN%WIKIPATHWAYS_20250810%WP5569%HOMO SAPIENS		16	0.7564607	1.9101225	0.0022396417	0.003845937	0.179	149	tags=63%, list=15%, signal=73%	
POSITIVE REGULATION OF INTERLEUKIN-6 PRODUCTION%GOBP%GO:0032755	POSITIVE REGULATION OF INTERLEUKIN-6 PRODUCTION%GOBP%GO:0032755		15	0.78300315	1.9079988	0.0011086474	0.004016469	0.192	125	tags=67%, list=13%, signal=75%	
GRANULOCYTE MIGRATION%GOBP%GO:0097530	GRANULOCYTE MIGRATION%GOBP%GO:0097530		16	0.76636255	1.9052734	0.0	0.004163928	0.202	131	tags=56%, list=14%, signal=64%	
POSITIVE REGULATION OF PHOSPHATIDYLINOSITOL 3-KINASE/PROTEIN KINASE B SIGNAL TRANSDUCTION%GOBP%GO:0051897	POSITIVE REGULATION OF PHOSPHATIDYLINOSITOL 3-KINASE/PROTEIN KINASE B SIGNAL TRANSDUCTION%GOBP%GO:0051897		17	0.75260127	1.9049138	0.0010857764	0.0040933527	0.202	58	tags=41%, list=6%, signal=43%	
BIOLOGICAL PROCESS INVOLVED IN INTERSPECIES INTERACTION BETWEEN ORGANISMS%GOBP%GO:0044419	BIOLOGICAL PROCESS INVOLVED IN INTERSPECIES INTERACTION BETWEEN ORGANISMS%GOBP%GO:0044419		139	0.6199894	1.904399	0.0	0.004042614	0.203	187	tags=43%, list=19%, signal=46%	
RESPONSE TO OTHER ORGANISM%GOBP%GO:0051707	RESPONSE TO OTHER ORGANISM%GOBP%GO:0051707		133	0.62248623	1.9025174	0.0	0.0040446906	0.206	187	tags=44%, list=19%, signal=47%	
RESPONSE TO MOLECULE OF BACTERIAL ORIGIN%GOBP%GO:0002237	RESPONSE TO MOLECULE OF BACTERIAL ORIGIN%GOBP%GO:0002237		48	0.6572579	1.9013244	0.0	0.004064128	0.209	184	tags=56%, list=19%, signal=66%	
CHEMOKINE RECEPTORS BIND CHEMOKINES%REACTOME%R-HSA-380108.6	CHEMOKINE RECEPTORS BIND CHEMOKINES%REACTOME%R-HSA-380108.6		17	0.75962895	1.9005268	0.0	0.004049143	0.212	131	tags=65%, list=14%, signal=74%	
POSITIVE REGULATION OF CELL MOTILITY%GOBP%GO:2000147	POSITIVE REGULATION OF CELL MOTILITY%GOBP%GO:2000147		56	0.64799565	1.8991355	0.0	0.0041001	0.218	131	tags=36%, list=14%, signal=39%	
RESPONSE TO EXTERNAL BIOTIC STIMULUS%GOBP%GO:0043207	RESPONSE TO EXTERNAL BIOTIC STIMULUS%GOBP%GO:0043207		133	0.62248623	1.8965966	0.0	0.004198275	0.226	187	tags=44%, list=19%, signal=47%	
POSITIVE REGULATION OF RESPONSE TO EXTERNAL STIMULUS%GOBP%GO:0032103	POSITIVE REGULATION OF RESPONSE TO EXTERNAL STIMULUS%GOBP%GO:0032103		93	0.63077164	1.8933239	0.0	0.0044205873	0.237	251	tags=58%, list=26%, signal=71%	
POSITIVE REGULATION OF LYMPHOCYTE PROLIFERATION%GOBP%GO:0050671	POSITIVE REGULATION OF LYMPHOCYTE PROLIFERATION%GOBP%GO:0050671		20	0.7136476	1.8914583	0.0	0.00447927	0.242	222	tags=75%, list=23%, signal=95%	
POSITIVE REGULATION OF T CELL ACTIVATION%GOBP%GO:0050870	POSITIVE REGULATION OF T CELL ACTIVATION%GOBP%GO:0050870		30	0.6814933	1.8899949	0.0010245901	0.0045215385	0.246	235	tags=70%, list=24%, signal=90%	
POSITIVE REGULATION OF LOCOMOTION%GOBP%GO:0040017	POSITIVE REGULATION OF LOCOMOTION%GOBP%GO:0040017		56	0.64799565	1.8881087	0.0	0.00462331	0.255	131	tags=36%, list=14%, signal=39%	
INFLAMMATION MEDIATED BY CHEMOKINE AND CYTOKINE SIGNALING PATHWAY%PANTHER PATHWAY%P00031	INFLAMMATION MEDIATED BY CHEMOKINE AND CYTOKINE SIGNALING PATHWAY%PANTHER PATHWAY%P00031		23	0.70408136	1.8875203	0.0	0.0046173935	0.259	216	tags=70%, list=22%, signal=87%	
ACTIVATION OF INNATE IMMUNE RESPONSE%GOBP%GO:0002218	ACTIVATION OF INNATE IMMUNE RESPONSE%GOBP%GO:0002218		31	0.67848897	1.88745	0.0	0.0045523597	0.259	250	tags=74%, list=26%, signal=97%	
INFLAMMATORY RESPONSE%GOBP%GO:0006954	INFLAMMATORY RESPONSE%GOBP%GO:0006954		75	0.6364011	1.8866357	0.0	0.004561586	0.261	254	tags=57%, list=26%, signal=72%	
REGULATION OF HEMOPOIESIS%GOBP%GO:1903706	REGULATION OF HEMOPOIESIS%GOBP%GO:1903706		40	0.6573312	1.8864474	0.0	0.0044990983	0.261	121	tags=40%, list=13%, signal=44%	
NEGATIVE REGULATION OF CYTOKINE PRODUCTION%GOBP%GO:0001818	NEGATIVE REGULATION OF CYTOKINE PRODUCTION%GOBP%GO:0001818		39	0.6653337	1.8863748	0.0	0.0044382997	0.261	95	tags=33%, list=10%, signal=35%	
CHEMOKINE SIGNALING%WIKIPATHWAYS_20250810%WP3929%HOMO SAPIENS	CHEMOKINE SIGNALING%WIKIPATHWAYS_20250810%WP3929%HOMO SAPIENS		18	0.742201	1.8859246	0.0	0.00439294	0.262	87	tags=50%, list=9%, signal=54%	
NEGATIVE REGULATION OF CELL DIFFERENTIATION%GOBP%GO:0045596	NEGATIVE REGULATION OF CELL DIFFERENTIATION%GOBP%GO:0045596		41	0.67054456	1.8852518	0.0	0.004444999	0.266	149	tags=39%, list=15%, signal=44%	
REGULATION OF LEUKOCYTE CELL-CELL ADHESION%GOBP%GO:1903037	REGULATION OF LEUKOCYTE CELL-CELL ADHESION%GOBP%GO:1903037		47	0.65467227	1.8840505	0.0	0.004523044	0.272	222	tags=57%, list=23%, signal=71%	
RESPONSE TO BIOTIC STIMULUS%GOBP%GO:0009607	RESPONSE TO BIOTIC STIMULUS%GOBP%GO:0009607		137	0.6147299	1.8821175	0.0	0.0045594918	0.276	187	tags=43%, list=19%, signal=46%	
POSITIVE REGULATION OF INTERLEUKIN-1 BETA PRODUCTION%GOBP%GO:0032731	POSITIVE REGULATION OF INTERLEUKIN-1 BETA PRODUCTION%GOBP%GO:0032731		15	0.74969643	1.8817024	0.0011148272	0.0045147897	0.277	85	tags=33%, list=9%, signal=36%	
PEPTIDE LIGAND-BINDING RECEPTORS%REACTOME DATABASE ID RELEASE 93%375276	PEPTIDE LIGAND-BINDING RECEPTORS%REACTOME DATABASE ID RELEASE 93%375276		23	0.7207978	1.8810024	0.0010683761	0.004510468	0.28	131	tags=52%, list=14%, signal=59%	
CELLULAR RESPONSE TO MOLECULE OF BACTERIAL ORIGIN%GOBP%GO:0071219	CELLULAR RESPONSE TO MOLECULE OF BACTERIAL ORIGIN%GOBP%GO:0071219		40	0.6648277	1.8806024	0.0	0.0045064287	0.283	242	tags=70%, list=25%, signal=90%	
MEASLES VIRUS INFECTION%WIKIPATHWAYS_20250810%WP4630%HOMO SAPIENS	MEASLES VIRUS INFECTION%WIKIPATHWAYS_20250810%WP4630%HOMO SAPIENS		17	0.7442849	1.8795637	0.0011185682	0.0045660734	0.29	145	tags=65%, list=15%, signal=75%	
REGULATION OF MONONUCLEAR CELL MIGRATION%GOBP%GO:0071675	REGULATION OF MONONUCLEAR CELL MIGRATION%GOBP%GO:0071675		18	0.7314385	1.8786117	0.0010952903	0.004599295	0.295	52	tags=33%, list=5%, signal=35%	
INNATE IMMUNE RESPONSE-ACTIVATING SIGNALING PATHWAY%GOBP%GO:0002758	INNATE IMMUNE RESPONSE-ACTIVATING SIGNALING PATHWAY%GOBP%GO:0002758		28	0.6769072	1.8743474	0.0	0.004992546	0.316	250	tags=75%, list=26%, signal=98%	
POSITIVE REGULATION OF CELL MIGRATION%GOBP%GO:0030335	POSITIVE REGULATION OF CELL MIGRATION%GOBP%GO:0030335		56	0.64799565	1.8729175	0.0	0.0050696013	0.325	131	tags=36%, list=14%, signal=39%	
POSITIVE REGULATION OF IMMUNE SYSTEM PROCESS%GOBP%GO:0002684	POSITIVE REGULATION OF IMMUNE SYSTEM PROCESS%GOBP%GO:0002684		118	0.6172448	1.8721486	0.0	0.00505925	0.326	237	tags=53%, list=25%, signal=61%	
REGULATION OF CELL DEVELOPMENT%GOBP%GO:0060284	REGULATION OF CELL DEVELOPMENT%GOBP%GO:0060284		56	0.636573	1.8705025	0.0	0.0051574884	0.335	121	tags=36%, list=13%, signal=38%	
REGULATION OF T CELL ACTIVATION%GOBP%GO:0050863	REGULATION OF T CELL ACTIVATION%GOBP%GO:0050863		43	0.6546706	1.870094	0.0	0.0051345443	0.338	235	tags=63%, list=24%, signal=79%	
POSITIVE REGULATION OF T CELL PROLIFERATION%GOBP%GO:0042102	POSITIVE REGULATION OF T CELL PROLIFERATION%GOBP%GO:0042102		15	0.7559382	1.8693507	0.0011223345	0.005135856	0.341	147	tags=67%, list=15%, signal=77%	
APOPTOSIS%WIKIPATHWAYS_20250810%WP254%HOMO SAPIENS	APOPTOSIS%WIKIPATHWAYS_20250810%WP254%HOMO SAPIENS		16	0.7442061	1.8688065	0.0	0.0051485505	0.344	121	tags=50%, list=13%, signal=56%	
REGULATION OF ANGIOGENESIS%GOBP%GO:0045765	REGULATION OF ANGIOGENESIS%GOBP%GO:0045765		31	0.6726603	1.8660648	0.0010235414	0.005276522	0.357	175	tags=48%, list=18%, signal=57%	
REGULATION OF LIPID LOCALIZATION%GOBP%GO:1905952	REGULATION OF LIPID LOCALIZATION%GOBP%GO:1905952		17	0.7334262	1.8659172	0.0022123894	0.0052304477	0.358	87	tags=35%, list=9%, signal=38%	
CELLULAR RESPONSE TO BIOTIC STIMULUS%GOBP%GO:0071216	CELLULAR RESPONSE TO BIOTIC STIMULUS%GOBP%GO:0071216		41	0.6524049	1.8647134	0.0	0.0052644173	0.362	242	tags=68%, list=25%, signal=87%	
CYTOKINE SIGNALING IN IMMUNE SYSTEM%REACTOME DATABASE ID RELEASE 93%1280215	CYTOKINE SIGNALING IN IMMUNE SYSTEM%REACTOME DATABASE ID RELEASE 93%1280215		132	0.6120012	1.8642123	0.0	0.005241724	0.364	217	tags=48%, list=22%, signal=53%	
REGULATION OF VASCULATURE DEVELOPMENT%GOBP%GO:1901342	REGULATION OF VASCULATURE DEVELOPMENT%GOBP%GO:1901342		31	0.6726603	1.8598465	0.0	0.0057030795	0.393	175	tags=48%, list=18%, signal=57%	
HALLMARK_ALLOGRAFT_REJECTION%MSIGDBHALLMARK%HALLMARK_ALLOGRAFT_REJECTION	HALLMARK_ALLOGRAFT_REJECTION%MSIGDBHALLMARK%HALLMARK_ALLOGRAFT_REJECTION		40	0.65445757	1.8597586	0.0	0.005665378	0.395	160	tags=43%, list=17%, signal=49%	
REGULATION OF SMOOTH MUSCLE CELL PROLIFERATION%GOBP%GO:0048660	REGULATION OF SMOOTH MUSCLE CELL PROLIFERATION%GOBP%GO:0048660		15	0.7450919	1.8576384	0.006688963	0.0058339606	0.402	145	tags=47%, list=15%, signal=54%	
RESPONSE TO INTERLEUKIN-1%GOBP%GO:0070555	RESPONSE TO INTERLEUKIN-1%GOBP%GO:0070555		23	0.69697124	1.8574846	0.0	0.005774431	0.402	137	tags=57%, list=14%, signal=64%	
REGULATION OF PHOSPHATIDYLINOSITOL 3-KINASE/PROTEIN KINASE B SIGNAL TRANSDUCTION%GOBP%GO:0051896	REGULATION OF PHOSPHATIDYLINOSITOL 3-KINASE/PROTEIN KINASE B SIGNAL TRANSDUCTION%GOBP%GO:0051896		22	0.7031368	1.8560351	0.0010672358	0.005853711	0.41	119	tags=41%, list=12%, signal=46%	
POSITIVE REGULATION OF MONONUCLEAR CELL PROLIFERATION%GOBP%GO:0032946	POSITIVE REGULATION OF MONONUCLEAR CELL PROLIFERATION%GOBP%GO:0032946		20	0.7136476	1.855423	0.0010787486	0.0058372207	0.413	222	tags=75%, list=23%, signal=95%	
REGULATION OF LYMPHOCYTE PROLIFERATION%GOBP%GO:0050670	REGULATION OF LYMPHOCYTE PROLIFERATION%GOBP%GO:0050670		26	0.6748578	1.8554006	0.0	0.0057794265	0.413	242	tags=73%, list=25%, signal=95%	
POSITIVE REGULATION OF PHOSPHORYLATION%GOBP%GO:0042327	POSITIVE REGULATION OF PHOSPHORYLATION%GOBP%GO:0042327		29	0.6566689	1.8543824	0.0	0.005867204	0.422	190	tags=45%, list=20%, signal=54%	
REGULATION OF T CELL PROLIFERATION%GOBP%GO:0042129	REGULATION OF T CELL PROLIFERATION%GOBP%GO:0042129		20	0.71408725	1.8539429	0.0021344717	0.0058509773	0.425	222	tags=75%, list=23%, signal=95%	
REGULATION OF ALPHA-BETA T CELL ACTIVATION%GOBP%GO:0046634	REGULATION OF ALPHA-BETA T CELL ACTIVATION%GOBP%GO:0046634		17	0.7318179	1.8523177	0.00110011	0.0059157205	0.429	222	tags=82%, list=23%, signal=105%	
REGULATION OF IMMUNE EFFECTOR PROCESS%GOBP%GO:0002697	REGULATION OF IMMUNE EFFECTOR PROCESS%GOBP%GO:0002697		44	0.6521201	1.8500459	0.0	0.0061289473	0.448	91	tags=34%, list=9%, signal=36%	
ADIPOGENESIS%WIKIPATHWAYS_20250810%WP236%HOMO SAPIENS	ADIPOGENESIS%WIKIPATHWAYS_20250810%WP236%HOMO SAPIENS		17	0.7307517	1.849837	0.0011049723	0.0060908524	0.45	38	tags=29%, list=4%, signal=30%	
MAPK SIGNALING%WIKIPATHWAYS_20250810%WP382%HOMO SAPIENS	MAPK SIGNALING%WIKIPATHWAYS_20250810%WP382%HOMO SAPIENS		18	0.7177064	1.8479782	0.0021929825	0.006220128	0.465	148	tags=50%, list=15%, signal=58%	
POSITIVE REGULATION OF LYMPHOCYTE ACTIVATION%GOBP%GO:0051251	POSITIVE REGULATION OF LYMPHOCYTE ACTIVATION%GOBP%GO:0051251		36	0.6533382	1.8468481	0.0	0.006269564	0.469	235	tags=67%, list=24%, signal=85%	
APOPTOSIS SIGNALING PATHWAY%PANTHER PATHWAY%P00006	APOPTOSIS SIGNALING PATHWAY%PANTHER PATHWAY%P00006		15	0.7526474	1.8467649	0.0044692736	0.006221774	0.47	87	tags=40%, list=9%, signal=43%	
INNATE IMMUNE RESPONSE%GOBP%GO:0045087	INNATE IMMUNE RESPONSE%GOBP%GO:0045087		59	0.6334336	1.8448633	0.0	0.0063559734	0.481	180	tags=44%, list=19%, signal=51%	
HALLMARK_INTERFERON_GAMMA_RESPONSE%MSIGDBHALLMARK%HALLMARK_INTERFERON_GAMMA_RESPONSE	HALLMARK_INTERFERON_GAMMA_RESPONSE%MSIGDBHALLMARK%HALLMARK_INTERFERON_GAMMA_RESPONSE		71	0.61981755	1.8436705	0.0	0.0063649183	0.486	224	tags=58%, list=23%, signal=70%	
PATTERN RECOGNITION RECEPTOR SIGNALING PATHWAY%GOBP%GO:0002221	PATTERN RECOGNITION RECEPTOR SIGNALING PATHWAY%GOBP%GO:0002221		25	0.6818457	1.8416649	0.0010660981	0.006504327	0.503	250	tags=76%, list=26%, signal=100%	
POSITIVE REGULATION OF PROTEIN MODIFICATION PROCESS%GOBP%GO:0031401	POSITIVE REGULATION OF PROTEIN MODIFICATION PROCESS%GOBP%GO:0031401		38	0.6532806	1.8397309	0.0	0.006557802	0.508	190	tags=47%, list=20%, signal=57%	
POSITIVE REGULATION OF LEUKOCYTE PROLIFERATION%GOBP%GO:0070665	POSITIVE REGULATION OF LEUKOCYTE PROLIFERATION%GOBP%GO:0070665		23	0.6977784	1.8389703	0.0	0.006591838	0.512	235	tags=74%, list=24%, signal=95%	
CELLULAR RESPONSE TO INTERLEUKIN-1%GOBP%GO:0071347	CELLULAR RESPONSE TO INTERLEUKIN-1%GOBP%GO:0071347		21	0.7003257	1.8377588	0.0010764262	0.0066437875	0.518	197	tags=67%, list=20%, signal=82%	
NEGATIVE REGULATION OF DEVELOPMENTAL PROCESS%GOBP%GO:0051093	NEGATIVE REGULATION OF DEVELOPMENTAL PROCESS%GOBP%GO:0051093		56	0.6298269	1.8372177	0.0	0.0066674985	0.522	203	tags=45%, list=21%, signal=53%	
POSITIVE REGULATION OF CELL-CELL ADHESION%GOBP%GO:0022409	POSITIVE REGULATION OF CELL-CELL ADHESION%GOBP%GO:0022409		43	0.64128697	1.8367673	0.0	0.006664221	0.526	222	tags=53%, list=23%, signal=66%	
IMMUNE SYSTEM PROCESS%GOBP%GO:0002376	IMMUNE SYSTEM PROCESS%GOBP%GO:0002376		200	0.5922458	1.8346626	0.0	0.0068293097	0.536	246	tags=47%, list=25%, signal=49%	
REGULATION OF CELL-CELL ADHESION%GOBP%GO:0022407	REGULATION OF CELL-CELL ADHESION%GOBP%GO:0022407		58	0.6267694	1.8321826	0.0	0.006983249	0.546	222	tags=50%, list=23%, signal=61%	
REGULATION OF INTERLEUKIN-1 BETA PRODUCTION%GOBP%GO:0032651	REGULATION OF INTERLEUKIN-1 BETA PRODUCTION%GOBP%GO:0032651		19	0.7084965	1.8291321	0.0032397409	0.0072389673	0.563	42	tags=26%, list=4%, signal=27%	
POSITIVE REGULATION OF CYTOKINE PRODUCTION%GOBP%GO:0001819	POSITIVE REGULATION OF CYTOKINE PRODUCTION%GOBP%GO:0001819		71	0.6151207	1.8285396	0.0	0.007205185	0.565	228	tags=52%, list=24%, signal=63%	
POSITIVE REGULATION OF INTERLEUKIN-1 PRODUCTION%GOBP%GO:0032732	POSITIVE REGULATION OF INTERLEUKIN-1 PRODUCTION%GOBP%GO:0032732		16	0.7298361	1.8273814	0.004371585	0.0072407373	0.57	85	tags=31%, list=9%, signal=34%	
POSITIVE REGULATION OF CELL DIFFERENTIATION%GOBP%GO:0045597	POSITIVE REGULATION OF CELL DIFFERENTIATION%GOBP%GO:0045597		63	0.62199545	1.8267472	0.0	0.007232935	0.571	160	tags=37%, list=17%, signal=41%	
DEFENSE RESPONSE TO BACTERIUM%GOBP%GO:0042742	DEFENSE RESPONSE TO BACTERIUM%GOBP%GO:0042742		21	0.69884294	1.8250499	0.0	0.007326174	0.584	210	tags=62%, list=22%, signal=77%	
REGULATION OF CYTOKINE PRODUCTION INVOLVED IN IMMUNE RESPONSE%GOBP%GO:0002718	REGULATION OF CYTOKINE PRODUCTION INVOLVED IN IMMUNE RESPONSE%GOBP%GO:0002718		17	0.7233862	1.8230714	0.0011037528	0.00747693	0.594	91	tags=35%, list=9%, signal=38%	
DEFENSE RESPONSE TO VIRUS%GOBP%GO:0051607	DEFENSE RESPONSE TO VIRUS%GOBP%GO:0051607		43	0.63352543	1.8186135	0.0	0.007999115	0.616	228	tags=53%, list=24%, signal=67%	
POSITIVE REGULATION OF APOPTOTIC PROCESS%GOBP%GO:0043065	POSITIVE REGULATION OF APOPTOTIC PROCESS%GOBP%GO:0043065		49	0.6264266	1.8185093	0.0	0.007936129	0.616	251	tags=55%, list=26%, signal=71%	
REGULATION OF LIPID BIOSYNTHETIC PROCESS%GOBP%GO:0046890	REGULATION OF LIPID BIOSYNTHETIC PROCESS%GOBP%GO:0046890		17	0.7282014	1.8147955	0.0021929825	0.008282495	0.637	128	tags=41%, list=13%, signal=47%	
REGULATION OF MONONUCLEAR CELL PROLIFERATION%GOBP%GO:0032944	REGULATION OF MONONUCLEAR CELL PROLIFERATION%GOBP%GO:0032944		26	0.6748578	1.8145683	0.0010526315	0.008234563	0.638	242	tags=73%, list=25%, signal=95%	
REGULATION OF CANONICAL NF-KAPPAB SIGNAL TRANSDUCTION%GOBP%GO:0043122	REGULATION OF CANONICAL NF-KAPPAB SIGNAL TRANSDUCTION%GOBP%GO:0043122		48	0.6298414	1.8144022	0.0	0.008187381	0.639	205	tags=52%, list=21%, signal=63%	
REGULATION OF CYTOKINE PRODUCTION%GOBP%GO:0001817	REGULATION OF CYTOKINE PRODUCTION%GOBP%GO:0001817		101	0.60023403	1.8142129	0.0	0.008140875	0.64	281	tags=57%, list=29%, signal=73%	
REGULATION OF T CELL DIFFERENTIATION%GOBP%GO:0045580	REGULATION OF T CELL DIFFERENTIATION%GOBP%GO:0045580		22	0.68116415	1.813871	0.004223865	0.0080949245	0.64	117	tags=50%, list=12%, signal=56%	
CELL CHEMOTAXIS%GOBP%GO:0060326	CELL CHEMOTAXIS%GOBP%GO:0060326		36	0.6383806	1.8129226	0.0010309279	0.008089078	0.643	149	tags=44%, list=15%, signal=51%	
IMMUNE RESPONSE%GOBP%GO:0006955	IMMUNE RESPONSE%GOBP%GO:0006955		137	0.5962851	1.8110529	0.0	0.008208552	0.651	218	tags=44%, list=23%, signal=49%	
REGULATION OF MIRNA METABOLIC PROCESS%GOBP%GO:2000628	REGULATION OF MIRNA METABOLIC PROCESS%GOBP%GO:2000628		15	0.7279957	1.809963	0.0044101435	0.008248278	0.656	85	tags=33%, list=9%, signal=36%	
REGULATION OF INFLAMMATORY RESPONSE%GOBP%GO:0050727	REGULATION OF INFLAMMATORY RESPONSE%GOBP%GO:0050727		71	0.6113712	1.8091727	0.0	0.008256748	0.657	257	tags=55%, list=27%, signal=69%	
SUDDEN INFANT DEATH SYNDROME SIDS SUSCEPTIBILITY PATHWAYS%WIKIPATHWAYS_20250810%WP706%HOMO SAPIENS	SUDDEN INFANT DEATH SYNDROME SIDS SUSCEPTIBILITY PATHWAYS%WIKIPATHWAYS_20250810%WP706%HOMO SAPIENS		18	0.7069101	1.8045117	0.0054171183	0.00874656	0.679	77	tags=33%, list=8%, signal=36%	
CHEMOKINE-MEDIATED SIGNALING PATHWAY%GOBP%GO:0070098	CHEMOKINE-MEDIATED SIGNALING PATHWAY%GOBP%GO:0070098		16	0.7135386	1.8024112	0.0	0.009031541	0.695	129	tags=50%, list=13%, signal=57%	
TNF ALPHA SIGNALING%WIKIPATHWAYS_20250810%WP231%HOMO SAPIENS	TNF ALPHA SIGNALING%WIKIPATHWAYS_20250810%WP231%HOMO SAPIENS		15	0.73841566	1.8021615	0.0022222223	0.0089966	0.695	93	tags=47%, list=10%, signal=51%	
REGULATION OF CELL DIFFERENTIATION%GOBP%GO:0045595	REGULATION OF CELL DIFFERENTIATION%GOBP%GO:0045595		97	0.58952814	1.8019348	0.0	0.008969593	0.698	133	tags=31%, list=14%, signal=32%	
SARS-COV INFECTIONS%REACTOME%R-HSA-9679506.6	SARS-COV INFECTIONS%REACTOME%R-HSA-9679506.6		15	0.72445005	1.8013557	0.0022296545	0.008965335	0.699	210	tags=80%, list=22%, signal=101%	
CELLULAR RESPONSE TO CHEMOKINE%GOBP%GO:1990869	CELLULAR RESPONSE TO CHEMOKINE%GOBP%GO:1990869		18	0.70105314	1.8001132	0.0033149172	0.009056683	0.705	129	tags=50%, list=13%, signal=57%	
REGULATION OF LEUKOCYTE PROLIFERATION%GOBP%GO:0070663	REGULATION OF LEUKOCYTE PROLIFERATION%GOBP%GO:0070663		31	0.65947634	1.7994021	0.001039501	0.009103279	0.709	242	tags=71%, list=25%, signal=92%	
REGULATION OF PROTEIN TRANSPORT%GOBP%GO:0051223	REGULATION OF PROTEIN TRANSPORT%GOBP%GO:0051223		21	0.6795846	1.7991278	0.0	0.009054582	0.711	115	tags=38%, list=12%, signal=42%	
REGULATION OF TUMOR NECROSIS FACTOR SUPERFAMILY CYTOKINE PRODUCTION%GOBP%GO:1903555	REGULATION OF TUMOR NECROSIS FACTOR SUPERFAMILY CYTOKINE PRODUCTION%GOBP%GO:1903555		18	0.6962648	1.7968974	0.0055617355	0.009201537	0.722	202	tags=67%, list=21%, signal=83%	
REGULATION OF ESTABLISHMENT OF PROTEIN LOCALIZATION%GOBP%GO:0070201	REGULATION OF ESTABLISHMENT OF PROTEIN LOCALIZATION%GOBP%GO:0070201		24	0.6658056	1.7960339	0.0031712474	0.009245987	0.727	115	tags=33%, list=12%, signal=37%	
REGULATION OF EXTRINSIC APOPTOTIC SIGNALING PATHWAY%GOBP%GO:2001236	REGULATION OF EXTRINSIC APOPTOTIC SIGNALING PATHWAY%GOBP%GO:2001236		24	0.68339217	1.7950959	0.0	0.009325226	0.733	85	tags=42%, list=9%, signal=45%	
SENESCENCE AND AUTOPHAGY IN CANCER%WIKIPATHWAYS_20250810%WP615%HOMO SAPIENS	SENESCENCE AND AUTOPHAGY IN CANCER%WIKIPATHWAYS_20250810%WP615%HOMO SAPIENS		17	0.7065193	1.7945539	0.0032894737	0.009332759	0.736	131	tags=53%, list=14%, signal=60%	
NEGATIVE REGULATION OF IMMUNE EFFECTOR PROCESS%GOBP%GO:0002698	NEGATIVE REGULATION OF IMMUNE EFFECTOR PROCESS%GOBP%GO:0002698		15	0.7284005	1.7933527	0.0011223345	0.00944548	0.745	64	tags=33%, list=7%, signal=35%	
REGULATION OF MYELOID CELL DIFFERENTIATION%GOBP%GO:0045637	REGULATION OF MYELOID CELL DIFFERENTIATION%GOBP%GO:0045637		19	0.70475763	1.7933501	0.0010881393	0.009382511	0.745	42	tags=26%, list=4%, signal=27%	
RESPONSE TO VIRUS%GOBP%GO:0009615	RESPONSE TO VIRUS%GOBP%GO:0009615		55	0.6163907	1.7922506	0.0	0.009569828	0.751	228	tags=51%, list=24%, signal=63%	
REGULATION OF IMMUNE SYSTEM PROCESS%GOBP%GO:0002682	REGULATION OF IMMUNE SYSTEM PROCESS%GOBP%GO:0002682		165	0.58395034	1.7915508	0.0	0.0096307155	0.753	245	tags=48%, list=25%, signal=54%	
TNFALPHA%NETPATH%TNFALPHA	TNFALPHA%NETPATH%TNFALPHA		21	0.6820917	1.7904298	0.0031948881	0.0097384835	0.759	191	tags=57%, list=20%, signal=70%	
RESPONSE TO RADIATION%GOBP%GO:0009314	RESPONSE TO RADIATION%GOBP%GO:0009314		19	0.68641365	1.7896886	0.0043431055	0.009749836	0.762	115	tags=32%, list=12%, signal=35%	
RESPONSE TO EXTERNAL STIMULUS%GOBP%GO:0009605	RESPONSE TO EXTERNAL STIMULUS%GOBP%GO:0009605		168	0.5846236	1.7894126	0.0	0.009713859	0.763	254	tags=48%, list=26%, signal=53%	
POSITIVE REGULATION OF CELL ADHESION%GOBP%GO:0045785	POSITIVE REGULATION OF CELL ADHESION%GOBP%GO:0045785		49	0.6123973	1.7891433	0.0010131713	0.009725317	0.765	222	tags=49%, list=23%, signal=60%	
REGULATION OF LYMPHOCYTE ACTIVATION%GOBP%GO:0051249	REGULATION OF LYMPHOCYTE ACTIVATION%GOBP%GO:0051249		52	0.6229223	1.7890438	0.0	0.009676717	0.766	242	tags=62%, list=25%, signal=78%	
HALLMARK_INFLAMMATORY_RESPONSE%MSIGDBHALLMARK%HALLMARK_INFLAMMATORY_RESPONSE	HALLMARK_INFLAMMATORY_RESPONSE%MSIGDBHALLMARK%HALLMARK_INFLAMMATORY_RESPONSE		85	0.5936593	1.7890152	0.0	0.0096154725	0.766	315	tags=65%, list=33%, signal=88%	
POSITIVE REGULATION OF PROGRAMMED CELL DEATH%GOBP%GO:0043068	POSITIVE REGULATION OF PROGRAMMED CELL DEATH%GOBP%GO:0043068		51	0.6146072	1.787146	0.0	0.009851507	0.776	251	tags=53%, list=26%, signal=68%	
REGULATION OF DEFENSE RESPONSE%GOBP%GO:0031347	REGULATION OF DEFENSE RESPONSE%GOBP%GO:0031347		116	0.5871989	1.7834733	0.0	0.010274383	0.79	257	tags=53%, list=27%, signal=63%	
NEGATIVE REGULATION OF EXTRINSIC APOPTOTIC SIGNALING PATHWAY%GOBP%GO:2001237	NEGATIVE REGULATION OF EXTRINSIC APOPTOTIC SIGNALING PATHWAY%GOBP%GO:2001237		15	0.73040086	1.7831556	0.004464286	0.010262458	0.791	145	tags=60%, list=15%, signal=70%	
REGULATION OF PRODUCTION OF MOLECULAR MEDIATOR OF IMMUNE RESPONSE%GOBP%GO:0002700	REGULATION OF PRODUCTION OF MOLECULAR MEDIATOR OF IMMUNE RESPONSE%GOBP%GO:0002700		21	0.6804151	1.7802213	0.0032573289	0.010464063	0.798	91	tags=33%, list=9%, signal=36%	
REGULATION OF NEUROGENESIS%GOBP%GO:0050767	REGULATION OF NEUROGENESIS%GOBP%GO:0050767		16	0.71569777	1.7798077	0.0011198209	0.010425583	0.799	149	tags=38%, list=15%, signal=44%	
HUMORAL IMMUNE RESPONSE%GOBP%GO:0006959	HUMORAL IMMUNE RESPONSE%GOBP%GO:0006959		21	0.69280267	1.7796004	0.0066079297	0.010381088	0.799	131	tags=48%, list=14%, signal=54%	
EXTRAFOLLICULAR AND FOLLICULAR B CELL ACTIVATION BY SARS COV 2%WIKIPATHWAYS_20250810%WP5218%HOMO SAPIENS	EXTRAFOLLICULAR AND FOLLICULAR B CELL ACTIVATION BY SARS COV 2%WIKIPATHWAYS_20250810%WP5218%HOMO SAPIENS		20	0.685959	1.7777225	0.0010787486	0.010527792	0.802	218	tags=55%, list=23%, signal=70%	
POSITIVE REGULATION OF LEUKOCYTE ACTIVATION%GOBP%GO:0002696	POSITIVE REGULATION OF LEUKOCYTE ACTIVATION%GOBP%GO:0002696		46	0.61280984	1.7774498	0.0	0.010489537	0.802	235	tags=59%, list=24%, signal=74%	
RESPONSE TO STEROID HORMONE%GOBP%GO:0048545	RESPONSE TO STEROID HORMONE%GOBP%GO:0048545		16	0.72263837	1.7773248	0.004474273	0.01044557	0.804	10	tags=19%, list=1%, signal=19%	
RESPONSE TO CHEMOKINE%GOBP%GO:1990868	RESPONSE TO CHEMOKINE%GOBP%GO:1990868		18	0.70105314	1.7768775	0.0077262693	0.010458188	0.805	129	tags=50%, list=13%, signal=57%	
POSITIVE REGULATION OF PROTEIN PHOSPHORYLATION%GOBP%GO:0001934	POSITIVE REGULATION OF PROTEIN PHOSPHORYLATION%GOBP%GO:0001934		28	0.6659564	1.7768291	0.0032017075	0.010402504	0.806	190	tags=46%, list=20%, signal=56%	
CELL-CELL SIGNALING%GOBP%GO:0007267	CELL-CELL SIGNALING%GOBP%GO:0007267		52	0.6044198	1.7755988	0.0	0.0105505055	0.811	147	tags=38%, list=15%, signal=43%	
REGULATION OF HORMONE SECRETION%GOBP%GO:0046883	REGULATION OF HORMONE SECRETION%GOBP%GO:0046883		16	0.70963186	1.7755724	0.0055493894	0.010488807	0.811	58	tags=31%, list=6%, signal=33%	
REGULATION OF INTERLEUKIN-1 PRODUCTION%GOBP%GO:0032652	REGULATION OF INTERLEUKIN-1 PRODUCTION%GOBP%GO:0032652		21	0.6812381	1.7754116	0.005359057	0.010464247	0.811	42	tags=24%, list=4%, signal=24%	
POSITIVE REGULATION OF IMMUNE RESPONSE%GOBP%GO:0050778	POSITIVE REGULATION OF IMMUNE RESPONSE%GOBP%GO:0050778		82	0.59605813	1.7748625	0.0	0.010476609	0.813	250	tags=55%, list=26%, signal=68%	
DEFENSE RESPONSE%GOBP%GO:0006952	DEFENSE RESPONSE%GOBP%GO:0006952		151	0.5799904	1.7687767	0.0	0.011287978	0.834	254	tags=48%, list=26%, signal=55%	
REGULATION OF RESPONSE TO STRESS%GOBP%GO:0080134	REGULATION OF RESPONSE TO STRESS%GOBP%GO:0080134		149	0.5782034	1.7677804	0.0	0.011367118	0.837	257	tags=50%, list=27%, signal=58%	
NEGATIVE REGULATION OF MULTICELLULAR ORGANISMAL PROCESS%GOBP%GO:0051241	NEGATIVE REGULATION OF MULTICELLULAR ORGANISMAL PROCESS%GOBP%GO:0051241		89	0.59121734	1.7660624	0.0	0.011606002	0.843	205	tags=42%, list=21%, signal=48%	
INTRACELLULAR RECEPTOR SIGNALING PATHWAY%GOBP%GO:0030522	INTRACELLULAR RECEPTOR SIGNALING PATHWAY%GOBP%GO:0030522		18	0.69064724	1.7647414	0.004347826	0.011712212	0.848	197	tags=72%, list=20%, signal=89%	
NEGATIVE REGULATION OF APOPTOTIC SIGNALING PATHWAY%GOBP%GO:2001234	NEGATIVE REGULATION OF APOPTOTIC SIGNALING PATHWAY%GOBP%GO:2001234		24	0.6635194	1.7642188	0.0	0.011758416	0.851	145	tags=46%, list=15%, signal=53%	
LEUKOCYTE CHEMOTAXIS%GOBP%GO:0030595	LEUKOCYTE CHEMOTAXIS%GOBP%GO:0030595		26	0.6674327	1.7638996	0.0031545742	0.011774649	0.852	131	tags=42%, list=14%, signal=48%	
POSITIVE REGULATION OF MONOATOMIC ION TRANSPORT%GOBP%GO:0043270	POSITIVE REGULATION OF MONOATOMIC ION TRANSPORT%GOBP%GO:0043270		15	0.7140466	1.7610235	0.0068104425	0.012116762	0.86	42	tags=33%, list=4%, signal=34%	
POSITIVE REGULATION OF GENE EXPRESSION%GOBP%GO:0010628	POSITIVE REGULATION OF GENE EXPRESSION%GOBP%GO:0010628		107	0.5823943	1.760939	0.0	0.012049818	0.86	285	tags=55%, list=30%, signal=70%	
ACTIVATION OF IMMUNE RESPONSE%GOBP%GO:0002253	ACTIVATION OF IMMUNE RESPONSE%GOBP%GO:0002253		48	0.6078886	1.7599739	0.0010162601	0.012115758	0.861	202	tags=50%, list=21%, signal=60%	
REGULATION OF APOPTOTIC SIGNALING PATHWAY%GOBP%GO:2001233	REGULATION OF APOPTOTIC SIGNALING PATHWAY%GOBP%GO:2001233		38	0.6270253	1.757591	0.0010224949	0.012426726	0.868	292	tags=68%, list=30%, signal=94%	
IMMUNE RESPONSE-ACTIVATING SIGNALING PATHWAY%GOBP%GO:0002757	IMMUNE RESPONSE-ACTIVATING SIGNALING PATHWAY%GOBP%GO:0002757		44	0.6084003	1.7550246	0.0	0.0128255915	0.881	250	tags=57%, list=26%, signal=73%	
POSITIVE REGULATION OF PHOSPHORUS METABOLIC PROCESS%GOBP%GO:0010562	POSITIVE REGULATION OF PHOSPHORUS METABOLIC PROCESS%GOBP%GO:0010562		33	0.6294758	1.750411	0.0	0.013570563	0.899	190	tags=42%, list=20%, signal=51%	
REGULATION OF RESPONSE TO EXTERNAL STIMULUS%GOBP%GO:0032101	REGULATION OF RESPONSE TO EXTERNAL STIMULUS%GOBP%GO:0032101		140	0.57028764	1.7499812	0.0	0.013593112	0.9	257	tags=50%, list=27%, signal=58%	
POSITIVE REGULATION OF PHOSPHATE METABOLIC PROCESS%GOBP%GO:0045937	POSITIVE REGULATION OF PHOSPHATE METABOLIC PROCESS%GOBP%GO:0045937		33	0.6294758	1.7471749	0.004127967	0.013907605	0.905	190	tags=42%, list=20%, signal=51%	
POSITIVE REGULATION OF PROTEOLYSIS%GOBP%GO:0045862	POSITIVE REGULATION OF PROTEOLYSIS%GOBP%GO:0045862		17	0.6759352	1.7461956	0.00990099	0.0140166655	0.907	115	tags=29%, list=12%, signal=33%	
RESPONSE TO TYPE II INTERFERON%GOBP%GO:0034341	RESPONSE TO TYPE II INTERFERON%GOBP%GO:0034341		20	0.67097336	1.7416975	0.0065288357	0.0147222085	0.916	228	tags=60%, list=24%, signal=77%	
CELL MIGRATION%GOBP%GO:0016477	CELL MIGRATION%GOBP%GO:0016477		76	0.58304435	1.7396312	0.0	0.015035611	0.925	149	tags=32%, list=15%, signal=34%	
REGULATION OF TUMOR NECROSIS FACTOR PRODUCTION%GOBP%GO:0032680	REGULATION OF TUMOR NECROSIS FACTOR PRODUCTION%GOBP%GO:0032680		17	0.68938106	1.7370399	0.008888889	0.015471005	0.928	232	tags=71%, list=24%, signal=91%	
REGULATION OF SMALL MOLECULE METABOLIC PROCESS%GOBP%GO:0062012	REGULATION OF SMALL MOLECULE METABOLIC PROCESS%GOBP%GO:0062012		24	0.6501391	1.7352028	0.003164557	0.01571169	0.933	128	tags=33%, list=13%, signal=37%	
POSITIVE REGULATION OF ADAPTIVE IMMUNE RESPONSE%GOBP%GO:0002821	POSITIVE REGULATION OF ADAPTIVE IMMUNE RESPONSE%GOBP%GO:0002821		15	0.6929669	1.7338784	0.009153318	0.015852822	0.935	58	tags=33%, list=6%, signal=35%	
RESPONSE TO LIPID%GOBP%GO:0033993	RESPONSE TO LIPID%GOBP%GO:0033993		80	0.5769441	1.7332422	0.0	0.015889844	0.938	145	tags=35%, list=15%, signal=38%	
POSITIVE REGULATION OF INNATE IMMUNE RESPONSE%GOBP%GO:0045089	POSITIVE REGULATION OF INNATE IMMUNE RESPONSE%GOBP%GO:0045089		50	0.59115076	1.7320297	0.0	0.016001368	0.941	287	tags=68%, list=30%, signal=92%	
POSITIVE REGULATION OF CELL ACTIVATION%GOBP%GO:0050867	POSITIVE REGULATION OF CELL ACTIVATION%GOBP%GO:0050867		48	0.5989067	1.7313033	0.0010131713	0.016032318	0.942	235	tags=56%, list=24%, signal=71%	
REGULATION OF ENDOTHELIAL CELL MIGRATION%GOBP%GO:0010594	REGULATION OF ENDOTHELIAL CELL MIGRATION%GOBP%GO:0010594		18	0.6656385	1.7306596	0.009771987	0.016051965	0.942	28	tags=17%, list=3%, signal=17%	
APOPTOTIC PROCESS%GOBP%GO:0006915	APOPTOTIC PROCESS%GOBP%GO:0006915		52	0.5830501	1.7276583	0.0010060362	0.016599314	0.948	224	tags=44%, list=23%, signal=54%	
INTERLEUKIN-1 FAMILY SIGNALING%REACTOME DATABASE ID RELEASE 93%446652	INTERLEUKIN-1 FAMILY SIGNALING%REACTOME DATABASE ID RELEASE 93%446652		21	0.6547731	1.7267511	0.0064935065	0.016689854	0.953	217	tags=67%, list=22%, signal=84%	
REGULATION OF LEUKOCYTE CHEMOTAXIS%GOBP%GO:0002688	REGULATION OF LEUKOCYTE CHEMOTAXIS%GOBP%GO:0002688		18	0.6817132	1.725805	0.0010976949	0.016778737	0.955	205	tags=61%, list=21%, signal=76%	
REGULATION OF VIRAL GENOME REPLICATION%GOBP%GO:0045069	REGULATION OF VIRAL GENOME REPLICATION%GOBP%GO:0045069		20	0.66713125	1.725378	0.008752735	0.016825467	0.956	146	tags=40%, list=15%, signal=46%	
TAXIS%GOBP%GO:0042330	TAXIS%GOBP%GO:0042330		48	0.59504515	1.723893	0.0030364373	0.016970042	0.956	149	tags=38%, list=15%, signal=42%	
REGULATION OF LYMPHOCYTE DIFFERENTIATION%GOBP%GO:0045619	REGULATION OF LYMPHOCYTE DIFFERENTIATION%GOBP%GO:0045619		24	0.64444005	1.7232916	0.0031512605	0.016979173	0.958	117	tags=46%, list=12%, signal=51%	
POSITIVE REGULATION OF PROTEIN METABOLIC PROCESS%GOBP%GO:0051247	POSITIVE REGULATION OF PROTEIN METABOLIC PROCESS%GOBP%GO:0051247		69	0.5817428	1.7223393	0.0	0.01706009	0.96	208	tags=42%, list=22%, signal=50%	
REGULATION OF CELL ADHESION%GOBP%GO:0030155	REGULATION OF CELL ADHESION%GOBP%GO:0030155		76	0.5771308	1.7205878	0.0	0.017349623	0.961	222	tags=43%, list=23%, signal=52%	
POSITIVE REGULATION OF PROTEIN LOCALIZATION%GOBP%GO:1903829	POSITIVE REGULATION OF PROTEIN LOCALIZATION%GOBP%GO:1903829		20	0.6652651	1.7205337	0.0021668472	0.017270496	0.961	175	tags=45%, list=18%, signal=54%	
CELLULAR RESPONSE TO ENVIRONMENTAL STIMULUS%GOBP%GO:0104004	CELLULAR RESPONSE TO ENVIRONMENTAL STIMULUS%GOBP%GO:0104004		22	0.65274656	1.719291	0.006472492	0.017353583	0.963	95	tags=32%, list=10%, signal=34%	
CHEMOTAXIS%GOBP%GO:0006935	CHEMOTAXIS%GOBP%GO:0006935		48	0.59504515	1.7182678	0.0010080645	0.0175066	0.965	149	tags=38%, list=15%, signal=42%	
REGULATION OF LIPID METABOLIC PROCESS%GOBP%GO:0019216	REGULATION OF LIPID METABOLIC PROCESS%GOBP%GO:0019216		21	0.6611539	1.7181518	0.0064935065	0.017437732	0.965	156	tags=38%, list=16%, signal=44%	
REGULATION OF ADAPTIVE IMMUNE RESPONSE BASED ON SOMATIC RECOMBINATION OF IMMUNE RECEPTORS BUILT FROM IMMUNOGLOBULIN SUPERFAMILY DOMAINS%GOBP%GO:0002822	REGULATION OF ADAPTIVE IMMUNE RESPONSE BASED ON SOMATIC RECOMBINATION OF IMMUNE RECEPTORS BUILT FROM IMMUNOGLOBULIN SUPERFAMILY DOMAINS%GOBP%GO:0002822		28	0.6313743	1.7162571	0.003144654	0.017778773	0.966	64	tags=32%, list=7%, signal=33%	
NEGATIVE REGULATION OF APOPTOTIC PROCESS%GOBP%GO:0043066	NEGATIVE REGULATION OF APOPTOTIC PROCESS%GOBP%GO:0043066		75	0.5785801	1.7160094	0.0	0.017739054	0.966	208	tags=43%, list=22%, signal=50%	
REGULATION OF INTERLEUKIN-8 PRODUCTION%GOBP%GO:0032677	REGULATION OF INTERLEUKIN-8 PRODUCTION%GOBP%GO:0032677		15	0.69184756	1.7158164	0.011135858	0.017684922	0.967	91	tags=33%, list=9%, signal=36%	
POSITIVE REGULATION OF CANONICAL NF-KAPPAB SIGNAL TRANSDUCTION%GOBP%GO:0043123	POSITIVE REGULATION OF CANONICAL NF-KAPPAB SIGNAL TRANSDUCTION%GOBP%GO:0043123		34	0.61678827	1.714605	0.0031055901	0.017931063	0.971	205	tags=47%, list=21%, signal=58%	
POSITIVE REGULATION OF ADAPTIVE IMMUNE RESPONSE BASED ON SOMATIC RECOMBINATION OF IMMUNE RECEPTORS BUILT FROM IMMUNOGLOBULIN SUPERFAMILY DOMAINS%GOBP%GO:0002824	POSITIVE REGULATION OF ADAPTIVE IMMUNE RESPONSE BASED ON SOMATIC RECOMBINATION OF IMMUNE RECEPTORS BUILT FROM IMMUNOGLOBULIN SUPERFAMILY DOMAINS%GOBP%GO:0002824		15	0.6929669	1.7139063	0.009966778	0.017983887	0.973	58	tags=33%, list=6%, signal=35%	
REGULATION OF CHEMOTAXIS%GOBP%GO:0050920	REGULATION OF CHEMOTAXIS%GOBP%GO:0050920		22	0.64576375	1.7136734	0.004223865	0.017929338	0.974	251	tags=64%, list=26%, signal=84%	
REGULATION OF LEUKOCYTE ACTIVATION%GOBP%GO:0002694	REGULATION OF LEUKOCYTE ACTIVATION%GOBP%GO:0002694		65	0.58795875	1.7127558	0.001002004	0.018040124	0.974	272	tags=60%, list=28%, signal=78%	
IMMUNE RESPONSE-REGULATING SIGNALING PATHWAY%GOBP%GO:0002764	IMMUNE RESPONSE-REGULATING SIGNALING PATHWAY%GOBP%GO:0002764		49	0.59265375	1.7112963	0.0	0.018275375	0.979	250	tags=53%, list=26%, signal=68%	
REGULATION OF PEPTIDYL-TYROSINE PHOSPHORYLATION%GOBP%GO:0050730	REGULATION OF PEPTIDYL-TYROSINE PHOSPHORYLATION%GOBP%GO:0050730		15	0.6860363	1.709608	0.011160715	0.01854661	0.982	46	tags=33%, list=5%, signal=34%	
CELLULAR RESPONSE TO ABIOTIC STIMULUS%GOBP%GO:0071214	CELLULAR RESPONSE TO ABIOTIC STIMULUS%GOBP%GO:0071214		22	0.65274656	1.7089168	0.009564294	0.018638616	0.983	95	tags=32%, list=10%, signal=34%	
TRIF (TICAM1)-MEDIATED TLR4 SIGNALING%REACTOME DATABASE ID RELEASE 93%937061	TRIF (TICAM1)-MEDIATED TLR4 SIGNALING%REACTOME DATABASE ID RELEASE 93%937061		25	0.6275459	1.7085088	0.010615711	0.018663108	0.983	217	tags=60%, list=22%, signal=75%	
POSITIVE REGULATION OF DEVELOPMENTAL PROCESS%GOBP%GO:0051094	POSITIVE REGULATION OF DEVELOPMENTAL PROCESS%GOBP%GO:0051094		89	0.5711177	1.7074648	0.0	0.01883469	0.984	133	tags=30%, list=14%, signal=32%	
CELLULAR RESPONSE TO CHEMICAL STIMULUS%GOBP%GO:0070887	CELLULAR RESPONSE TO CHEMICAL STIMULUS%GOBP%GO:0070887		152	0.55333143	1.7069068	0.0	0.018844156	0.984	209	tags=38%, list=22%, signal=41%	
LOCOMOTION%GOBP%GO:0040011	LOCOMOTION%GOBP%GO:0040011		49	0.5889695	1.7062962	0.0020181634	0.018923724	0.988	149	tags=37%, list=15%, signal=41%	
NEGATIVE REGULATION OF VIRAL GENOME REPLICATION%GOBP%GO:0045071	NEGATIVE REGULATION OF VIRAL GENOME REPLICATION%GOBP%GO:0045071		18	0.66754895	1.7058277	0.011904762	0.018932693	0.988	146	tags=39%, list=15%, signal=45%	
MYD88-INDEPENDENT TLR4 CASCADE%REACTOME%R-HSA-166166.4	MYD88-INDEPENDENT TLR4 CASCADE%REACTOME%R-HSA-166166.4		25	0.6275459	1.7049961	0.006302521	0.019006796	0.988	217	tags=60%, list=22%, signal=75%	
POSITIVE REGULATION OF MULTICELLULAR ORGANISMAL PROCESS%GOBP%GO:0051240	POSITIVE REGULATION OF MULTICELLULAR ORGANISMAL PROCESS%GOBP%GO:0051240		149	0.5599658	1.7044935	0.0	0.019015634	0.988	285	tags=51%, list=30%, signal=61%	
TOLL LIKE RECEPTOR 3 (TLR3) CASCADE%REACTOME%R-HSA-168164.6	TOLL LIKE RECEPTOR 3 (TLR3) CASCADE%REACTOME%R-HSA-168164.6		25	0.6275459	1.7039932	0.007454739	0.019079495	0.988	217	tags=60%, list=22%, signal=75%	
POSITIVE REGULATION OF ESTABLISHMENT OF PROTEIN LOCALIZATION%GOBP%GO:1904951	POSITIVE REGULATION OF ESTABLISHMENT OF PROTEIN LOCALIZATION%GOBP%GO:1904951		15	0.69752616	1.7030814	0.012222222	0.019206528	0.988	115	tags=33%, list=12%, signal=37%	
REGULATION OF TYPE II INTERFERON PRODUCTION%GOBP%GO:0032649	REGULATION OF TYPE II INTERFERON PRODUCTION%GOBP%GO:0032649		15	0.6897694	1.7022878	0.010044643	0.019250344	0.988	81	tags=47%, list=8%, signal=50%	
REGULATION OF NERVOUS SYSTEM DEVELOPMENT%GOBP%GO:0051960	REGULATION OF NERVOUS SYSTEM DEVELOPMENT%GOBP%GO:0051960		19	0.66468793	1.7018737	0.0043336945	0.019280493	0.988	113	tags=26%, list=12%, signal=29%	
POSITIVE REGULATION OF TRANSPORT%GOBP%GO:0051050	POSITIVE REGULATION OF TRANSPORT%GOBP%GO:0051050		57	0.58464867	1.7006345	0.0	0.019432332	0.989	205	tags=40%, list=21%, signal=48%	
REGULATION OF TYPE I INTERFERON PRODUCTION%GOBP%GO:0032479	REGULATION OF TYPE I INTERFERON PRODUCTION%GOBP%GO:0032479		20	0.6612861	1.6986403	0.010857764	0.019790903	0.99	210	tags=65%, list=22%, signal=81%	
REGULATION OF HORMONE LEVELS%GOBP%GO:0010817	REGULATION OF HORMONE LEVELS%GOBP%GO:0010817		27	0.6282547	1.6977922	0.006289308	0.019867804	0.991	75	tags=22%, list=8%, signal=23%	
POSITIVE REGULATION OF TRANSCRIPTION BY RNA POLYMERASE II%GOBP%GO:0045944	POSITIVE REGULATION OF TRANSCRIPTION BY RNA POLYMERASE II%GOBP%GO:0045944		98	0.56607896	1.6969638	0.0	0.01992615	0.991	242	tags=46%, list=25%, signal=55%	
REGULATION OF IMMUNE RESPONSE%GOBP%GO:0050776	REGULATION OF IMMUNE RESPONSE%GOBP%GO:0050776		112	0.56559163	1.6969078	0.0	0.019859098	0.991	250	tags=50%, list=26%, signal=60%	
MONONUCLEAR CELL MIGRATION%GOBP%GO:0071674	MONONUCLEAR CELL MIGRATION%GOBP%GO:0071674		17	0.6730421	1.6958661	0.010928961	0.020000946	0.991	52	tags=29%, list=5%, signal=31%	
REGULATION OF CALCIUM ION TRANSPORT%GOBP%GO:0051924	REGULATION OF CALCIUM ION TRANSPORT%GOBP%GO:0051924		16	0.6748099	1.6953596	0.014317181	0.020031558	0.992	174	tags=50%, list=18%, signal=60%	
INTERLEUKIN-1 SIGNALING%REACTOME%R-HSA-9020702.4	INTERLEUKIN-1 SIGNALING%REACTOME%R-HSA-9020702.4		17	0.6752186	1.6943501	0.0065934067	0.020153735	0.992	95	tags=53%, list=10%, signal=58%	
REGULATION OF PROTEIN LOCALIZATION%GOBP%GO:0032880	REGULATION OF PROTEIN LOCALIZATION%GOBP%GO:0032880		39	0.59780025	1.6935097	0.004085802	0.020239983	0.992	128	tags=28%, list=13%, signal=31%	
REGULATION OF ADAPTIVE IMMUNE RESPONSE%GOBP%GO:0002819	REGULATION OF ADAPTIVE IMMUNE RESPONSE%GOBP%GO:0002819		31	0.6087439	1.6907965	0.0061728396	0.020775065	0.993	302	tags=68%, list=31%, signal=95%	
CALCIUM ION HOMEOSTASIS%GOBP%GO:0055074	CALCIUM ION HOMEOSTASIS%GOBP%GO:0055074		15	0.6828928	1.6899991	0.013605442	0.020867087	0.993	175	tags=53%, list=18%, signal=64%	
POSITIVE REGULATION OF JNK CASCADE%GOBP%GO:0046330	POSITIVE REGULATION OF JNK CASCADE%GOBP%GO:0046330		16	0.6795486	1.6897744	0.013172338	0.020850312	0.993	205	tags=44%, list=21%, signal=55%	
REGULATION OF T CELL MEDIATED IMMUNITY%GOBP%GO:0002709	REGULATION OF T CELL MEDIATED IMMUNITY%GOBP%GO:0002709		18	0.6655688	1.6895163	0.013100437	0.020829039	0.993	64	tags=33%, list=7%, signal=35%	
REGULATION OF MULTICELLULAR ORGANISMAL DEVELOPMENT%GOBP%GO:2000026	REGULATION OF MULTICELLULAR ORGANISMAL DEVELOPMENT%GOBP%GO:2000026		97	0.5592929	1.6888481	0.0	0.020884914	0.993	285	tags=52%, list=30%, signal=66%	
ADAPTIVE IMMUNE RESPONSE%GOBP%GO:0002250	ADAPTIVE IMMUNE RESPONSE%GOBP%GO:0002250		20	0.6540454	1.6873376	0.011827957	0.021098452	0.994	51	tags=25%, list=5%, signal=26%	
CALCINEURIN-REGULATED NFAT-DEPENDENT TRANSCRIPTION IN LYMPHOCYTES%PATHWAY INTERACTION DATABASE NCI-NATURE CURATED DATA%CALCINEURIN-REGULATED NFAT-DEPENDENT TRANSCRIPTION IN LYMPHOCYTES	CALCINEURIN-REGULATED NFAT-DEPENDENT TRANSCRIPTION IN LYMPHOCYTES%PATHWAY INTERACTION DATABASE NCI-NATURE CURATED DATA%CALCINEURIN-REGULATED NFAT-DEPENDENT TRANSCRIPTION IN LYMPHOCYTES		16	0.67641115	1.6872184	0.01235955	0.021029793	0.994	45	tags=19%, list=5%, signal=19%	
HALLMARK_COMPLEMENT%MSIGDBHALLMARK%HALLMARK_COMPLEMENT	HALLMARK_COMPLEMENT%MSIGDBHALLMARK%HALLMARK_COMPLEMENT		26	0.6233897	1.6860735	0.011554622	0.021199156	0.994	315	tags=77%, list=33%, signal=111%	
NEGATIVE REGULATION OF PROGRAMMED CELL DEATH%GOBP%GO:0043069	NEGATIVE REGULATION OF PROGRAMMED CELL DEATH%GOBP%GO:0043069		78	0.5657355	1.6856674	0.0	0.021198114	0.994	208	tags=41%, list=22%, signal=48%	
CELL MOTILITY%GOBP%GO:0048870	CELL MOTILITY%GOBP%GO:0048870		80	0.5679307	1.6849895	0.0	0.021272589	0.994	149	tags=30%, list=15%, signal=33%	
POSITIVE REGULATION OF CHEMOTAXIS%GOBP%GO:0050921	POSITIVE REGULATION OF CHEMOTAXIS%GOBP%GO:0050921		16	0.66547704	1.6837549	0.011223344	0.021425834	0.994	205	tags=56%, list=21%, signal=70%	
POSITIVE REGULATION OF RESPONSE TO BIOTIC STIMULUS%GOBP%GO:0002833	POSITIVE REGULATION OF RESPONSE TO BIOTIC STIMULUS%GOBP%GO:0002833		53	0.5808756	1.6833575	0.002016129	0.02145315	0.994	287	tags=66%, list=30%, signal=89%	
REGULATION OF ERK1 AND ERK2 CASCADE%GOBP%GO:0070372	REGULATION OF ERK1 AND ERK2 CASCADE%GOBP%GO:0070372		28	0.6146164	1.6807914	0.012578616	0.021853983	0.996	123	tags=32%, list=13%, signal=36%	
REGULATION OF JNK CASCADE%GOBP%GO:0046328	REGULATION OF JNK CASCADE%GOBP%GO:0046328		18	0.6546316	1.6789371	0.012008734	0.022222225	0.996	205	tags=39%, list=21%, signal=48%	
POSITIVE REGULATION OF ERK1 AND ERK2 CASCADE%GOBP%GO:0070374	POSITIVE REGULATION OF ERK1 AND ERK2 CASCADE%GOBP%GO:0070374		16	0.6667714	1.6788427	0.012035011	0.022159552	0.996	123	tags=38%, list=13%, signal=42%	
PROGRAMMED CELL DEATH%GOBP%GO:0012501	PROGRAMMED CELL DEATH%GOBP%GO:0012501		57	0.5723831	1.6787349	0.001010101	0.022093086	0.996	224	tags=42%, list=23%, signal=52%	
DEUBIQUITINATION%REACTOME DATABASE ID RELEASE 93%5688426	DEUBIQUITINATION%REACTOME DATABASE ID RELEASE 93%5688426		16	0.6676707	1.6761998	0.012141281	0.02255878	0.996	217	tags=75%, list=22%, signal=95%	
REGULATION OF CELL MIGRATION%GOBP%GO:0030334	REGULATION OF CELL MIGRATION%GOBP%GO:0030334		89	0.5592878	1.6759499	0.0	0.022511546	0.996	131	tags=28%, list=14%, signal=30%	
REGULATION OF SECRETION BY CELL%GOBP%GO:1903530	REGULATION OF SECRETION BY CELL%GOBP%GO:1903530		35	0.5889218	1.6741195	0.0051177074	0.022797478	0.996	69	tags=20%, list=7%, signal=21%	
CELLULAR SENESCENCE%REACTOME%R-HSA-2559583.7	CELLULAR SENESCENCE%REACTOME%R-HSA-2559583.7		20	0.6525586	1.6736517	0.008667389	0.022822902	0.996	134	tags=40%, list=14%, signal=45%	
INFECTIOUS DISEASE%REACTOME%R-HSA-5663205.14	INFECTIOUS DISEASE%REACTOME%R-HSA-5663205.14		43	0.58417886	1.6735926	0.0070993914	0.022747178	0.996	210	tags=49%, list=22%, signal=60%	
POSITIVE REGULATION OF MACROMOLECULE BIOSYNTHETIC PROCESS%GOBP%GO:0010557	POSITIVE REGULATION OF MACROMOLECULE BIOSYNTHETIC PROCESS%GOBP%GO:0010557		190	0.53500086	1.6728635	0.0	0.022888567	0.996	281	tags=47%, list=29%, signal=54%	
HALLMARK_INTERFERON_ALPHA_RESPONSE%MSIGDBHALLMARK%HALLMARK_INTERFERON_ALPHA_RESPONSE	HALLMARK_INTERFERON_ALPHA_RESPONSE%MSIGDBHALLMARK%HALLMARK_INTERFERON_ALPHA_RESPONSE		34	0.5910898	1.6724831	0.0030800821	0.022908999	0.996	224	tags=59%, list=23%, signal=74%	
REGULATION OF CELL ACTIVATION%GOBP%GO:0050865	REGULATION OF CELL ACTIVATION%GOBP%GO:0050865		69	0.5691629	1.6713926	0.002004008	0.023048658	0.996	272	tags=57%, list=28%, signal=73%	
NEGATIVE REGULATION OF GENE EXPRESSION%GOBP%GO:0010629	NEGATIVE REGULATION OF GENE EXPRESSION%GOBP%GO:0010629		71	0.561842	1.6674235	0.0	0.023936396	0.996	300	tags=56%, list=31%, signal=76%	
REGULATION OF INNATE IMMUNE RESPONSE%GOBP%GO:0045088	REGULATION OF INNATE IMMUNE RESPONSE%GOBP%GO:0045088		65	0.5610978	1.6668859	0.001004016	0.023964442	0.996	250	tags=57%, list=26%, signal=72%	
REGULATION OF RESPONSE TO BIOTIC STIMULUS%GOBP%GO:0002831	REGULATION OF RESPONSE TO BIOTIC STIMULUS%GOBP%GO:0002831		77	0.55567616	1.6635246	0.0	0.024606947	0.996	250	tags=55%, list=26%, signal=68%	
REGULATION OF CELLULAR LOCALIZATION%GOBP%GO:0060341	REGULATION OF CELLULAR LOCALIZATION%GOBP%GO:0060341		24	0.6308581	1.6635214	0.013655462	0.024514787	0.996	119	tags=33%, list=12%, signal=37%	
POSITIVE REGULATION OF IMMUNE EFFECTOR PROCESS%GOBP%GO:0002699	POSITIVE REGULATION OF IMMUNE EFFECTOR PROCESS%GOBP%GO:0002699		28	0.6025688	1.6617401	0.006342495	0.02486062	0.996	300	tags=68%, list=31%, signal=96%	
POSITIVE REGULATION OF ORGANELLE ORGANIZATION%GOBP%GO:0010638	POSITIVE REGULATION OF ORGANELLE ORGANIZATION%GOBP%GO:0010638		35	0.5922156	1.6616917	0.0051599587	0.024775952	0.996	92	tags=23%, list=10%, signal=24%	
REGULATION OF PROTEIN PHOSPHORYLATION%GOBP%GO:0001932	REGULATION OF PROTEIN PHOSPHORYLATION%GOBP%GO:0001932		44	0.58022213	1.6609993	0.0060975607	0.0248507	0.996	190	tags=34%, list=20%, signal=41%	
POSITIVE REGULATION OF CATABOLIC PROCESS%GOBP%GO:0009896	POSITIVE REGULATION OF CATABOLIC PROCESS%GOBP%GO:0009896		32	0.5970247	1.6595564	0.010277492	0.025105998	0.996	209	tags=38%, list=22%, signal=46%	
VIRAL INFECTION PATHWAYS%REACTOME%R-HSA-9824446.4	VIRAL INFECTION PATHWAYS%REACTOME%R-HSA-9824446.4		23	0.627544	1.6589799	0.012903226	0.025136773	0.996	210	tags=61%, list=22%, signal=76%	
REGULATION OF APOPTOTIC PROCESS%GOBP%GO:0042981	REGULATION OF APOPTOTIC PROCESS%GOBP%GO:0042981		125	0.5475616	1.6583961	0.0	0.025182853	0.996	283	tags=50%, list=29%, signal=61%	
REGULATION OF CELL MOTILITY%GOBP%GO:2000145	REGULATION OF CELL MOTILITY%GOBP%GO:2000145		92	0.5510139	1.6568432	0.0	0.02544249	0.998	131	tags=27%, list=14%, signal=28%	
NEGATIVE REGULATION OF CELL MIGRATION%GOBP%GO:0030336	NEGATIVE REGULATION OF CELL MIGRATION%GOBP%GO:0030336		27	0.6089645	1.6564687	0.011530398	0.025437564	0.998	79	tags=19%, list=8%, signal=20%	
CELL SURFACE RECEPTOR SIGNALING PATHWAY%GOBP%GO:0007166	CELL SURFACE RECEPTOR SIGNALING PATHWAY%GOBP%GO:0007166		174	0.53151774	1.6563467	0.0	0.025371987	0.998	129	tags=26%, list=13%, signal=25%	
NEGATIVE REGULATION OF VIRAL PROCESS%GOBP%GO:0048525	NEGATIVE REGULATION OF VIRAL PROCESS%GOBP%GO:0048525		22	0.6329984	1.6558797	0.01714898	0.025359662	0.998	146	tags=36%, list=15%, signal=42%	
REGULATION OF CELL JUNCTION ASSEMBLY%GOBP%GO:1901888	REGULATION OF CELL JUNCTION ASSEMBLY%GOBP%GO:1901888		15	0.6680118	1.6548159	0.020547945	0.025557954	0.998	149	tags=33%, list=15%, signal=39%	
POSITIVE REGULATION OF INTRACELLULAR SIGNAL TRANSDUCTION%GOBP%GO:1902533	POSITIVE REGULATION OF INTRACELLULAR SIGNAL TRANSDUCTION%GOBP%GO:1902533		106	0.54600793	1.6545208	0.0	0.025522608	0.998	253	tags=45%, list=26%, signal=55%	
NEGATIVE REGULATION OF CATABOLIC PROCESS%GOBP%GO:0009895	NEGATIVE REGULATION OF CATABOLIC PROCESS%GOBP%GO:0009895		18	0.6504966	1.6544325	0.009868421	0.025465194	0.998	241	tags=56%, list=25%, signal=73%	
POSITIVE REGULATION OF MAPK CASCADE%GOBP%GO:0043410	POSITIVE REGULATION OF MAPK CASCADE%GOBP%GO:0043410		43	0.57074434	1.6543913	0.0010162601	0.025400642	0.998	253	tags=47%, list=26%, signal=60%	
HALLMARK_UV_RESPONSE_UP%MSIGDBHALLMARK%HALLMARK_UV_RESPONSE_UP	HALLMARK_UV_RESPONSE_UP%MSIGDBHALLMARK%HALLMARK_UV_RESPONSE_UP		15	0.6674985	1.6536579	0.0261959	0.025477711	0.998	135	tags=47%, list=14%, signal=53%	
NEGATIVE REGULATION OF CELL MOTILITY%GOBP%GO:2000146	NEGATIVE REGULATION OF CELL MOTILITY%GOBP%GO:2000146		27	0.6089645	1.6473287	0.011664899	0.026918745	0.999	79	tags=19%, list=8%, signal=20%	
REGULATION OF VIRAL PROCESS%GOBP%GO:0050792	REGULATION OF VIRAL PROCESS%GOBP%GO:0050792		26	0.61268246	1.647256	0.014492754	0.026834954	0.999	146	tags=35%, list=15%, signal=40%	
REGULATION OF LEUKOCYTE MEDIATED IMMUNITY%GOBP%GO:0002703	REGULATION OF LEUKOCYTE MEDIATED IMMUNITY%GOBP%GO:0002703		30	0.5984905	1.6468501	0.008376963	0.026836189	0.999	91	tags=33%, list=9%, signal=36%	
POSITIVE REGULATION OF NUCLEOBASE-CONTAINING COMPOUND METABOLIC PROCESS%GOBP%GO:0045935	POSITIVE REGULATION OF NUCLEOBASE-CONTAINING COMPOUND METABOLIC PROCESS%GOBP%GO:0045935		132	0.5370105	1.6466091	0.0	0.026819184	0.999	242	tags=42%, list=25%, signal=48%	
REGULATION OF CATABOLIC PROCESS%GOBP%GO:0009894	REGULATION OF CATABOLIC PROCESS%GOBP%GO:0009894		50	0.5644748	1.6464463	0.004040404	0.026765876	0.999	278	tags=50%, list=29%, signal=67%	
LOCALIZATION WITHIN MEMBRANE%GOBP%GO:0051668	LOCALIZATION WITHIN MEMBRANE%GOBP%GO:0051668		15	0.6657291	1.6461385	0.013392857	0.026731001	0.999	0	tags=7%, list=0%, signal=7%	
REGULATION OF VIRAL LIFE CYCLE%GOBP%GO:1903900	REGULATION OF VIRAL LIFE CYCLE%GOBP%GO:1903900		23	0.62944275	1.6451801	0.008465609	0.026848862	0.999	146	tags=35%, list=15%, signal=40%	
REGULATION OF DNA-BINDING TRANSCRIPTION FACTOR ACTIVITY%GOBP%GO:0051090	REGULATION OF DNA-BINDING TRANSCRIPTION FACTOR ACTIVITY%GOBP%GO:0051090		22	0.63301945	1.644317	0.01814301	0.026998108	0.999	87	tags=27%, list=9%, signal=29%	
NEGATIVE REGULATION OF SIGNAL TRANSDUCTION%GOBP%GO:0009968	NEGATIVE REGULATION OF SIGNAL TRANSDUCTION%GOBP%GO:0009968		123	0.5344283	1.6440026	0.0	0.026962813	0.999	210	tags=38%, list=22%, signal=43%	
TOLL LIKE RECEPTOR 4 (TLR4) CASCADE%REACTOME DATABASE ID RELEASE 93%166016	TOLL LIKE RECEPTOR 4 (TLR4) CASCADE%REACTOME DATABASE ID RELEASE 93%166016		29	0.60135967	1.6432145	0.008324662	0.027074827	0.999	217	tags=59%, list=22%, signal=73%	
REGULATION OF LOCOMOTION%GOBP%GO:0040012	REGULATION OF LOCOMOTION%GOBP%GO:0040012		93	0.5479633	1.6429938	0.0	0.027039688	0.999	131	tags=27%, list=14%, signal=28%	
REGULATION OF LYMPHOCYTE MEDIATED IMMUNITY%GOBP%GO:0002706	REGULATION OF LYMPHOCYTE MEDIATED IMMUNITY%GOBP%GO:0002706		23	0.6194993	1.6409104	0.018065887	0.027442874	0.999	64	tags=30%, list=7%, signal=32%	
POSITIVE REGULATION OF BIOSYNTHETIC PROCESS%GOBP%GO:0009891	POSITIVE REGULATION OF BIOSYNTHETIC PROCESS%GOBP%GO:0009891		196	0.5336697	1.6403494	0.0	0.027498908	0.999	281	tags=47%, list=29%, signal=53%	
EMBRYONIC ORGAN DEVELOPMENT%GOBP%GO:0048568	EMBRYONIC ORGAN DEVELOPMENT%GOBP%GO:0048568		17	0.6570144	1.637114	0.013259669	0.028166527	0.999	175	tags=29%, list=18%, signal=35%	
CELLULAR RESPONSE TO LIPID%GOBP%GO:0071396	CELLULAR RESPONSE TO LIPID%GOBP%GO:0071396		64	0.5515644	1.6366141	0.0	0.028173804	0.999	250	tags=52%, list=26%, signal=65%	
TOLL-LIKE RECEPTOR CASCADES%REACTOME DATABASE ID RELEASE 93%168898	TOLL-LIKE RECEPTOR CASCADES%REACTOME DATABASE ID RELEASE 93%168898		30	0.5843131	1.6306357	0.0113402065	0.029673146	1.0	217	tags=57%, list=22%, signal=71%	
NEGATIVE REGULATION OF LOCOMOTION%GOBP%GO:0040013	NEGATIVE REGULATION OF LOCOMOTION%GOBP%GO:0040013		28	0.60009176	1.6303014	0.008359456	0.02966135	1.0	79	tags=18%, list=8%, signal=19%	
LEUKOCYTE ACTIVATION%GOBP%GO:0045321	LEUKOCYTE ACTIVATION%GOBP%GO:0045321		59	0.55647814	1.6294991	0.003009027	0.029795872	1.0	246	tags=46%, list=25%, signal=58%	
CELL DEATH%GOBP%GO:0008219	CELL DEATH%GOBP%GO:0008219		61	0.56365544	1.6287837	0.0040281974	0.02991213	1.0	224	tags=41%, list=23%, signal=50%	
PARASITIC INFECTION PATHWAYS%REACTOME%R-HSA-9824443.2	PARASITIC INFECTION PATHWAYS%REACTOME%R-HSA-9824443.2		20	0.6230632	1.6248258	0.016216217	0.030915203	1.0	85	tags=35%, list=9%, signal=38%	
REGULATION OF POST-TRANSLATIONAL PROTEIN MODIFICATION%GOBP%GO:1901873	REGULATION OF POST-TRANSLATIONAL PROTEIN MODIFICATION%GOBP%GO:1901873		16	0.6439296	1.6236309	0.017817372	0.031141294	1.0	309	tags=88%, list=32%, signal=127%	
REGULATION OF METAL ION TRANSPORT%GOBP%GO:0010959	REGULATION OF METAL ION TRANSPORT%GOBP%GO:0010959		21	0.6192269	1.623438	0.009605123	0.031093817	1.0	174	tags=38%, list=18%, signal=45%	
CELL ACTIVATION%GOBP%GO:0001775	CELL ACTIVATION%GOBP%GO:0001775		68	0.5486292	1.6226193	0.0	0.031208316	1.0	246	tags=46%, list=25%, signal=57%	
MYD88 DEPENDENT CASCADE INITIATED ON ENDOSOME%REACTOME DATABASE ID RELEASE 93%975155	MYD88 DEPENDENT CASCADE INITIATED ON ENDOSOME%REACTOME DATABASE ID RELEASE 93%975155		22	0.6084974	1.6223615	0.025778733	0.03120196	1.0	245	tags=59%, list=25%, signal=77%	
REGULATION OF PROGRAMMED CELL DEATH%GOBP%GO:0043067	REGULATION OF PROGRAMMED CELL DEATH%GOBP%GO:0043067		130	0.5319437	1.6223503	0.0	0.031100325	1.0	283	tags=48%, list=29%, signal=58%	
REGULATION OF PROTEIN MODIFICATION BY SMALL PROTEIN CONJUGATION OR REMOVAL%GOBP%GO:1903320	REGULATION OF PROTEIN MODIFICATION BY SMALL PROTEIN CONJUGATION OR REMOVAL%GOBP%GO:1903320		16	0.6439296	1.6216766	0.025612472	0.031168995	1.0	309	tags=88%, list=32%, signal=127%	
REGULATION OF SECRETION%GOBP%GO:0051046	REGULATION OF SECRETION%GOBP%GO:0051046		38	0.5722414	1.6174929	0.009137056	0.032104746	1.0	88	tags=21%, list=9%, signal=22%	
REGULATION OF INTRACELLULAR SIGNAL TRANSDUCTION%GOBP%GO:1902531	REGULATION OF INTRACELLULAR SIGNAL TRANSDUCTION%GOBP%GO:1902531		174	0.52348226	1.6167746	0.0	0.03219315	1.0	336	tags=55%, list=35%, signal=69%	
MUSCLE STRUCTURE DEVELOPMENT%GOBP%GO:0061061	MUSCLE STRUCTURE DEVELOPMENT%GOBP%GO:0061061		21	0.62326103	1.6137813	0.02688172	0.03293458	1.0	157	tags=38%, list=16%, signal=45%	
NERVOUS SYSTEM PROCESS%GOBP%GO:0050877	NERVOUS SYSTEM PROCESS%GOBP%GO:0050877		30	0.6031763	1.6130033	0.014537903	0.033003293	1.0	3	tags=7%, list=0%, signal=6%	
POSITIVE REGULATION OF VASCULATURE DEVELOPMENT%GOBP%GO:1904018	POSITIVE REGULATION OF VASCULATURE DEVELOPMENT%GOBP%GO:1904018		21	0.61111754	1.6104233	0.022292994	0.033723187	1.0	285	tags=67%, list=30%, signal=93%	
REGULATION OF RESPONSE TO CYTOKINE STIMULUS%GOBP%GO:0060759	REGULATION OF RESPONSE TO CYTOKINE STIMULUS%GOBP%GO:0060759		25	0.60082155	1.6099721	0.026123302	0.033782575	1.0	281	tags=68%, list=29%, signal=93%	
POSITIVE REGULATION OF PRODUCTION OF MOLECULAR MEDIATOR OF IMMUNE RESPONSE%GOBP%GO:0002702	POSITIVE REGULATION OF PRODUCTION OF MOLECULAR MEDIATOR OF IMMUNE RESPONSE%GOBP%GO:0002702		19	0.62057585	1.6091754	0.025164114	0.03393136	1.0	250	tags=63%, list=26%, signal=84%	
NEGATIVE REGULATION OF CELL COMMUNICATION%GOBP%GO:0010648	NEGATIVE REGULATION OF CELL COMMUNICATION%GOBP%GO:0010648		129	0.5269781	1.6091326	0.0	0.033840604	1.0	281	tags=47%, list=29%, signal=58%	
REGULATION OF PROTEIN MODIFICATION PROCESS%GOBP%GO:0031399	REGULATION OF PROTEIN MODIFICATION PROCESS%GOBP%GO:0031399		59	0.5522711	1.6087778	0.0050301813	0.03385305	1.0	210	tags=39%, list=22%, signal=47%	
NEGATIVE REGULATION OF IMMUNE SYSTEM PROCESS%GOBP%GO:0002683	NEGATIVE REGULATION OF IMMUNE SYSTEM PROCESS%GOBP%GO:0002683		49	0.5559271	1.608313	0.00708502	0.033861917	1.0	302	tags=57%, list=31%, signal=79%	
TOLL LIKE RECEPTOR 2 (TLR2) CASCADE%REACTOME DATABASE ID RELEASE 93%181438	TOLL LIKE RECEPTOR 2 (TLR2) CASCADE%REACTOME DATABASE ID RELEASE 93%181438		22	0.60412955	1.6078129	0.023280423	0.03392607	1.0	245	tags=59%, list=25%, signal=77%	
NEGATIVE REGULATION OF SIGNALING%GOBP%GO:0023057	NEGATIVE REGULATION OF SIGNALING%GOBP%GO:0023057		131	0.52599806	1.6039163	0.0	0.035105612	1.0	281	tags=47%, list=29%, signal=58%	
TOLL LIKE RECEPTOR 7 8 (TLR7 8) CASCADE%REACTOME DATABASE ID RELEASE 93%168181	TOLL LIKE RECEPTOR 7 8 (TLR7 8) CASCADE%REACTOME DATABASE ID RELEASE 93%168181		22	0.6084974	1.603433	0.021482278	0.03509738	1.0	245	tags=59%, list=25%, signal=77%	
REGULATION OF MAPK CASCADE%GOBP%GO:0043408	REGULATION OF MAPK CASCADE%GOBP%GO:0043408		58	0.5490224	1.602542	0.0050251256	0.035203014	1.0	263	tags=47%, list=27%, signal=60%	
LEISHMANIA INFECTION%REACTOME%R-HSA-9658195.3	LEISHMANIA INFECTION%REACTOME%R-HSA-9658195.3		20	0.6230632	1.6024774	0.016216217	0.03511343	1.0	85	tags=35%, list=9%, signal=38%	
REGULATION OF MONOATOMIC ION TRANSPORT%GOBP%GO:0043269	REGULATION OF MONOATOMIC ION TRANSPORT%GOBP%GO:0043269		26	0.59319246	1.6019036	0.01689546	0.035221297	1.0	174	tags=35%, list=18%, signal=41%	
IMMUNE RESPONSE-ACTIVATING CELL SURFACE RECEPTOR SIGNALING PATHWAY%GOBP%GO:0002429	IMMUNE RESPONSE-ACTIVATING CELL SURFACE RECEPTOR SIGNALING PATHWAY%GOBP%GO:0002429		28	0.5872615	1.6016569	0.016877636	0.035199612	1.0	250	tags=54%, list=26%, signal=70%	
TUBE DEVELOPMENT%GOBP%GO:0035295	TUBE DEVELOPMENT%GOBP%GO:0035295		35	0.5721643	1.6007731	0.013251784	0.03534541	1.0	149	tags=26%, list=15%, signal=29%	
NUCLEIC ACID METABOLIC PROCESS%GOBP%GO:0090304	NUCLEIC ACID METABOLIC PROCESS%GOBP%GO:0090304		40	0.5633906	1.5991387	0.003058104	0.03572996	1.0	278	tags=55%, list=29%, signal=74%	
REGULATION OF PHOSPHORYLATION%GOBP%GO:0042325	REGULATION OF PHOSPHORYLATION%GOBP%GO:0042325		47	0.55606747	1.5977674	0.004052685	0.036019795	1.0	190	tags=32%, list=20%, signal=38%	
TOLL LIKE RECEPTOR TLR1:TLR2 CASCADE%REACTOME DATABASE ID RELEASE 93%168179	TOLL LIKE RECEPTOR TLR1:TLR2 CASCADE%REACTOME DATABASE ID RELEASE 93%168179		22	0.60412955	1.5969363	0.019210245	0.036177494	1.0	245	tags=59%, list=25%, signal=77%	
APOPTOTIC SIGNALING PATHWAY%GOBP%GO:0097190	APOPTOTIC SIGNALING PATHWAY%GOBP%GO:0097190		23	0.60148054	1.5945301	0.02347919	0.036730632	1.0	94	tags=22%, list=10%, signal=24%	
MITOTIC CELL CYCLE%GOBP%GO:0000278	MITOTIC CELL CYCLE%GOBP%GO:0000278		15	0.6436719	1.5924705	0.034168564	0.037226845	1.0	115	tags=33%, list=12%, signal=37%	
REGULATION OF WOUND HEALING%GOBP%GO:0061041	REGULATION OF WOUND HEALING%GOBP%GO:0061041		16	0.6412786	1.5919125	0.02669633	0.037323	1.0	145	tags=31%, list=15%, signal=36%	
REGULATION OF DEVELOPMENTAL PROCESS%GOBP%GO:0050793	REGULATION OF DEVELOPMENTAL PROCESS%GOBP%GO:0050793		156	0.51856154	1.5911405	0.0	0.03745257	1.0	133	tags=27%, list=14%, signal=26%	
DNA DAMAGE RESPONSE%GOBP%GO:0006974	DNA DAMAGE RESPONSE%GOBP%GO:0006974		31	0.58124375	1.5906451	0.017507724	0.03749728	1.0	235	tags=52%, list=24%, signal=66%	
POSITIVE REGULATION OF DNA-TEMPLATED TRANSCRIPTION%GOBP%GO:0045893	POSITIVE REGULATION OF DNA-TEMPLATED TRANSCRIPTION%GOBP%GO:0045893		121	0.5199681	1.5897113	0.0	0.03768865	1.0	242	tags=40%, list=25%, signal=47%	
POSITIVE REGULATION OF RNA METABOLIC PROCESS%GOBP%GO:0051254	POSITIVE REGULATION OF RNA METABOLIC PROCESS%GOBP%GO:0051254		125	0.5225889	1.5896456	0.0	0.037607696	1.0	242	tags=41%, list=25%, signal=47%	
POSITIVE REGULATION OF PROTEIN CATABOLIC PROCESS%GOBP%GO:0045732	POSITIVE REGULATION OF PROTEIN CATABOLIC PROCESS%GOBP%GO:0045732		18	0.621965	1.5889597	0.036585364	0.037688453	1.0	175	tags=33%, list=18%, signal=40%	
TRAF6 MEDIATED INDUCTION OF NFKB AND MAP KINASES UPON TLR7 8 OR 9 ACTIVATION%REACTOME DATABASE ID RELEASE 93%975138	TRAF6 MEDIATED INDUCTION OF NFKB AND MAP KINASES UPON TLR7 8 OR 9 ACTIVATION%REACTOME DATABASE ID RELEASE 93%975138		21	0.60573244	1.5886496	0.026939655	0.037672903	1.0	95	tags=38%, list=10%, signal=41%	
REGULATION OF EPITHELIAL CELL PROLIFERATION%GOBP%GO:0050678	REGULATION OF EPITHELIAL CELL PROLIFERATION%GOBP%GO:0050678		28	0.5780659	1.5876083	0.020920502	0.037947007	1.0	276	tags=46%, list=29%, signal=63%	
GENE EXPRESSION%GOBP%GO:0010467	GENE EXPRESSION%GOBP%GO:0010467		47	0.54850996	1.5863891	0.008097166	0.038222868	1.0	278	tags=49%, list=29%, signal=65%	
REGULATION OF ORGANELLE ASSEMBLY%GOBP%GO:1902115	REGULATION OF ORGANELLE ASSEMBLY%GOBP%GO:1902115		16	0.6307817	1.5863844	0.03575419	0.038110778	1.0	45	tags=13%, list=5%, signal=13%	
G ALPHA (I) SIGNALLING EVENTS%REACTOME%R-HSA-418594.9	G ALPHA (I) SIGNALLING EVENTS%REACTOME%R-HSA-418594.9		33	0.5682735	1.5836647	0.015544041	0.038804285	1.0	52	tags=24%, list=5%, signal=25%	
POSITIVE REGULATION OF ANGIOGENESIS%GOBP%GO:0045766	POSITIVE REGULATION OF ANGIOGENESIS%GOBP%GO:0045766		21	0.61111754	1.5823687	0.029284164	0.03907529	1.0	285	tags=67%, list=30%, signal=93%	
IMMUNE RESPONSE-REGULATING CELL SURFACE RECEPTOR SIGNALING PATHWAY%GOBP%GO:0002768	IMMUNE RESPONSE-REGULATING CELL SURFACE RECEPTOR SIGNALING PATHWAY%GOBP%GO:0002768		31	0.57987064	1.582245	0.013415893	0.038992096	1.0	250	tags=52%, list=26%, signal=67%	
POSITIVE REGULATION OF RNA BIOSYNTHETIC PROCESS%GOBP%GO:1902680	POSITIVE REGULATION OF RNA BIOSYNTHETIC PROCESS%GOBP%GO:1902680		121	0.5199681	1.5814192	0.001	0.03911236	1.0	242	tags=40%, list=25%, signal=47%	
MYD88:MAL(TIRAP) CASCADE INITIATED ON PLASMA MEMBRANE%REACTOME%R-HSA-166058.5	MYD88:MAL(TIRAP) CASCADE INITIATED ON PLASMA MEMBRANE%REACTOME%R-HSA-166058.5		22	0.60412955	1.5802059	0.023605151	0.039386604	1.0	245	tags=59%, list=25%, signal=77%	
REGULATION OF ANATOMICAL STRUCTURE MORPHOGENESIS%GOBP%GO:0022603	REGULATION OF ANATOMICAL STRUCTURE MORPHOGENESIS%GOBP%GO:0022603		66	0.5342827	1.5794216	0.0030150753	0.039529275	1.0	175	tags=32%, list=18%, signal=36%	
HALLMARK_HYPOXIA%MSIGDBHALLMARK%HALLMARK_HYPOXIA	HALLMARK_HYPOXIA%MSIGDBHALLMARK%HALLMARK_HYPOXIA		25	0.58487445	1.5783899	0.023305085	0.039755702	1.0	149	tags=44%, list=15%, signal=51%	
TCR%NETPATH%TCR	TCR%NETPATH%TCR		17	0.6235164	1.578342	0.02838428	0.039659735	1.0	235	tags=53%, list=24%, signal=69%	
TOLL LIKE RECEPTOR 9 (TLR9) CASCADE%REACTOME DATABASE ID RELEASE 93%168138	TOLL LIKE RECEPTOR 9 (TLR9) CASCADE%REACTOME DATABASE ID RELEASE 93%168138		22	0.6084974	1.5779935	0.021253984	0.039683882	1.0	245	tags=59%, list=25%, signal=77%	
POSITIVE REGULATION OF LEUKOCYTE MEDIATED IMMUNITY%GOBP%GO:0002705	POSITIVE REGULATION OF LEUKOCYTE MEDIATED IMMUNITY%GOBP%GO:0002705		18	0.62366927	1.5775125	0.023783784	0.039725874	1.0	91	tags=33%, list=9%, signal=36%	
POSITIVE REGULATION OF CELL POPULATION PROLIFERATION%GOBP%GO:0008284	POSITIVE REGULATION OF CELL POPULATION PROLIFERATION%GOBP%GO:0008284		84	0.52722776	1.5748981	0.001001001	0.040430795	1.0	149	tags=27%, list=15%, signal=30%	
TOLL LIKE RECEPTOR TLR6:TLR2 CASCADE%REACTOME DATABASE ID RELEASE 93%168188	TOLL LIKE RECEPTOR TLR6:TLR2 CASCADE%REACTOME DATABASE ID RELEASE 93%168188		22	0.60412955	1.5724832	0.024704618	0.041099235	1.0	245	tags=59%, list=25%, signal=77%	
REGULATION OF CELL POPULATION PROLIFERATION%GOBP%GO:0042127	REGULATION OF CELL POPULATION PROLIFERATION%GOBP%GO:0042127		136	0.51400286	1.5721695	0.0	0.041095696	1.0	281	tags=46%, list=29%, signal=55%	
NEGATIVE REGULATION OF CELL ADHESION%GOBP%GO:0007162	NEGATIVE REGULATION OF CELL ADHESION%GOBP%GO:0007162		26	0.58588725	1.5703843	0.02096436	0.0415878	1.0	203	tags=50%, list=21%, signal=62%	
ADHD AND AUTISM ASD PATHWAYS%WIKIPATHWAYS_20250810%WP5420%HOMO SAPIENS	ADHD AND AUTISM ASD PATHWAYS%WIKIPATHWAYS_20250810%WP5420%HOMO SAPIENS		16	0.6203562	1.5700954	0.028697573	0.041556094	1.0	101	tags=19%, list=10%, signal=21%	
RNA METABOLIC PROCESS%GOBP%GO:0016070	RNA METABOLIC PROCESS%GOBP%GO:0016070		29	0.5652798	1.5692943	0.02507837	0.0417499	1.0	278	tags=62%, list=29%, signal=85%	
POSITIVE REGULATION OF SIGNAL TRANSDUCTION%GOBP%GO:0009967	POSITIVE REGULATION OF SIGNAL TRANSDUCTION%GOBP%GO:0009967		148	0.50648636	1.5627606	0.0	0.043685433	1.0	336	tags=53%, list=35%, signal=68%	
CELLULAR RESPONSE TO CHEMICAL STRESS%GOBP%GO:0062197	CELLULAR RESPONSE TO CHEMICAL STRESS%GOBP%GO:0062197		24	0.5830068	1.5604432	0.03283898	0.04434201	1.0	278	tags=58%, list=29%, signal=80%	
INTRACELLULAR SIGNAL TRANSDUCTION%GOBP%GO:0035556	INTRACELLULAR SIGNAL TRANSDUCTION%GOBP%GO:0035556		129	0.50901353	1.549362	0.0	0.0483058	1.0	238	tags=43%, list=25%, signal=49%	
NEGATIVE REGULATION OF RESPONSE TO STIMULUS%GOBP%GO:0048585	NEGATIVE REGULATION OF RESPONSE TO STIMULUS%GOBP%GO:0048585		152	0.50068825	1.5487993	0.0	0.04835172	1.0	305	tags=48%, list=32%, signal=59%	
NEGATIVE REGULATION OF MACROMOLECULE METABOLIC PROCESS%GOBP%GO:0010605	NEGATIVE REGULATION OF MACROMOLECULE METABOLIC PROCESS%GOBP%GO:0010605		151	0.5003971	1.5480604	0.0	0.048486814	1.0	302	tags=47%, list=31%, signal=58%	
POSITIVE REGULATION OF CELLULAR COMPONENT ORGANIZATION%GOBP%GO:0051130	POSITIVE REGULATION OF CELLULAR COMPONENT ORGANIZATION%GOBP%GO:0051130		71	0.5213868	1.5465738	0.0050352467	0.04890437	1.0	210	tags=34%, list=22%, signal=40%	
POSITIVE REGULATION OF SIGNALING%GOBP%GO:0023056	POSITIVE REGULATION OF SIGNALING%GOBP%GO:0023056		153	0.50365573	1.5455714	0.0	0.049140908	1.0	336	tags=52%, list=35%, signal=68%	
REGULATION OF MITOTIC CELL CYCLE%GOBP%GO:0007346	REGULATION OF MITOTIC CELL CYCLE%GOBP%GO:0007346		27	0.5722455	1.5453229	0.026123302	0.04911238	1.0	220	tags=48%, list=23%, signal=61%	
POSITIVE REGULATION OF CELL COMMUNICATION%GOBP%GO:0010647	POSITIVE REGULATION OF CELL COMMUNICATION%GOBP%GO:0010647		152	0.50506705	1.5435451	0.0	0.049735922	1.0	336	tags=53%, list=35%, signal=68%	
POSITIVE REGULATION OF LYMPHOCYTE MEDIATED IMMUNITY%GOBP%GO:0002708	POSITIVE REGULATION OF LYMPHOCYTE MEDIATED IMMUNITY%GOBP%GO:0002708		15	0.6216977	1.5412287	0.034792367	0.05054165	1.0	58	tags=27%, list=6%, signal=28%	
POSITIVE REGULATION OF EPITHELIAL CELL PROLIFERATION%GOBP%GO:0050679	POSITIVE REGULATION OF EPITHELIAL CELL PROLIFERATION%GOBP%GO:0050679		20	0.59358525	1.5399106	0.04584222	0.050876185	1.0	0	tags=5%, list=0%, signal=5%	
LEUKOCYTE MEDIATED IMMUNITY%GOBP%GO:0002443	LEUKOCYTE MEDIATED IMMUNITY%GOBP%GO:0002443		17	0.60708004	1.5394509	0.03218646	0.05093115	1.0	60	tags=24%, list=6%, signal=25%	
POSITIVE REGULATION OF PROTEIN-CONTAINING COMPLEX ASSEMBLY%GOBP%GO:0031334	POSITIVE REGULATION OF PROTEIN-CONTAINING COMPLEX ASSEMBLY%GOBP%GO:0031334		23	0.58613104	1.5388416	0.03747323	0.05105151	1.0	228	tags=43%, list=24%, signal=56%	
REGULATION OF PROTEIN METABOLIC PROCESS%GOBP%GO:0051246	REGULATION OF PROTEIN METABOLIC PROCESS%GOBP%GO:0051246		104	0.50716835	1.5359542	0.0	0.051993225	1.0	315	tags=50%, list=33%, signal=66%	
REGULATION OF PROTEIN CATABOLIC PROCESS%GOBP%GO:0042176	REGULATION OF PROTEIN CATABOLIC PROCESS%GOBP%GO:0042176		24	0.5760399	1.5348009	0.031149302	0.052334357	1.0	175	tags=29%, list=18%, signal=35%	
NEGATIVE REGULATION OF CELLULAR COMPONENT ORGANIZATION%GOBP%GO:0051129	NEGATIVE REGULATION OF CELLULAR COMPONENT ORGANIZATION%GOBP%GO:0051129		39	0.54625183	1.5328062	0.011282051	0.052988492	1.0	119	tags=21%, list=12%, signal=22%	
NEGATIVE REGULATION OF MACROMOLECULE BIOSYNTHETIC PROCESS%GOBP%GO:0010558	NEGATIVE REGULATION OF MACROMOLECULE BIOSYNTHETIC PROCESS%GOBP%GO:0010558		130	0.49659452	1.5317491	0.0	0.053291604	1.0	300	tags=47%, list=31%, signal=59%	
RESPONSE TO OXYGEN-CONTAINING COMPOUND%GOBP%GO:1901700	RESPONSE TO OXYGEN-CONTAINING COMPOUND%GOBP%GO:1901700		114	0.5075911	1.5314025	0.0	0.05326124	1.0	205	tags=36%, list=21%, signal=40%	
REGULATION OF TRANSCRIPTION BY RNA POLYMERASE II%GOBP%GO:0006357	REGULATION OF TRANSCRIPTION BY RNA POLYMERASE II%GOBP%GO:0006357		159	0.49841216	1.5310794	0.001	0.053258765	1.0	273	tags=43%, list=28%, signal=51%	
RESPONSE TO ABIOTIC STIMULUS%GOBP%GO:0009628	RESPONSE TO ABIOTIC STIMULUS%GOBP%GO:0009628		56	0.5252286	1.5305284	0.009100101	0.053289585	1.0	278	tags=46%, list=29%, signal=61%	
REGULATION OF PROTEOLYSIS%GOBP%GO:0030162	REGULATION OF PROTEOLYSIS%GOBP%GO:0030162		28	0.5610353	1.5224485	0.03552769	0.05645076	1.0	115	tags=21%, list=12%, signal=24%	
NEGATIVE REGULATION OF METABOLIC PROCESS%GOBP%GO:0009892	NEGATIVE REGULATION OF METABOLIC PROCESS%GOBP%GO:0009892		171	0.49334633	1.5183662	0.0	0.058107648	1.0	305	tags=46%, list=32%, signal=56%	
REGULATION OF RESPONSE TO WOUNDING%GOBP%GO:1903034	REGULATION OF RESPONSE TO WOUNDING%GOBP%GO:1903034		19	0.58795464	1.5183008	0.047362756	0.05798764	1.0	145	tags=26%, list=15%, signal=30%	
LEUKOCYTE ACTIVATION INVOLVED IN IMMUNE RESPONSE%GOBP%GO:0002366	LEUKOCYTE ACTIVATION INVOLVED IN IMMUNE RESPONSE%GOBP%GO:0002366		15	0.6091296	1.5161684	0.032547697	0.05875863	1.0	51	tags=27%, list=5%, signal=28%	
CELL ACTIVATION INVOLVED IN IMMUNE RESPONSE%GOBP%GO:0002263	CELL ACTIVATION INVOLVED IN IMMUNE RESPONSE%GOBP%GO:0002263		15	0.6091296	1.515228	0.055555556	0.05896656	1.0	51	tags=27%, list=5%, signal=28%	
NEUROGENESIS%GOBP%GO:0022008	NEUROGENESIS%GOBP%GO:0022008		54	0.5198691	1.514706	0.011033099	0.059045084	1.0	175	tags=26%, list=18%, signal=30%	
CELLULAR RESPONSE TO OXYGEN-CONTAINING COMPOUND%GOBP%GO:1901701	CELLULAR RESPONSE TO OXYGEN-CONTAINING COMPOUND%GOBP%GO:1901701		94	0.502003	1.5143089	0.002	0.059079334	1.0	145	tags=30%, list=15%, signal=32%	
REGULATION OF PROTEIN-CONTAINING COMPLEX ASSEMBLY%GOBP%GO:0043254	REGULATION OF PROTEIN-CONTAINING COMPLEX ASSEMBLY%GOBP%GO:0043254		27	0.56637156	1.513169	0.028331585	0.05946138	1.0	305	tags=56%, list=32%, signal=79%	
POSITIVE REGULATION OF MOLECULAR FUNCTION%GOBP%GO:0044093	POSITIVE REGULATION OF MOLECULAR FUNCTION%GOBP%GO:0044093		46	0.5204245	1.509866	0.023232324	0.060801767	1.0	237	tags=39%, list=25%, signal=49%	
POSITIVE REGULATION OF CATALYTIC ACTIVITY%GOBP%GO:0043085	POSITIVE REGULATION OF CATALYTIC ACTIVITY%GOBP%GO:0043085		27	0.5492438	1.5078324	0.036231883	0.06159069	1.0	109	tags=19%, list=11%, signal=20%	
REGULATION OF PHOSPHATE METABOLIC PROCESS%GOBP%GO:0019220	REGULATION OF PHOSPHATE METABOLIC PROCESS%GOBP%GO:0019220		57	0.5187389	1.5076412	0.014141414	0.061510228	1.0	190	tags=32%, list=20%, signal=37%	
EMBRYO DEVELOPMENT%GOBP%GO:0009790	EMBRYO DEVELOPMENT%GOBP%GO:0009790		35	0.53289014	1.5061463	0.033776868	0.06200305	1.0	281	tags=40%, list=29%, signal=54%	
CELL-CELL ADHESION%GOBP%GO:0098609	CELL-CELL ADHESION%GOBP%GO:0098609		36	0.5333643	1.5056739	0.029622063	0.062074643	1.0	83	tags=14%, list=9%, signal=15%	
REGULATION OF PHOSPHORUS METABOLIC PROCESS%GOBP%GO:0051174	REGULATION OF PHOSPHORUS METABOLIC PROCESS%GOBP%GO:0051174		57	0.5187389	1.5042174	0.010121457	0.06256955	1.0	190	tags=32%, list=20%, signal=37%	
REGULATION OF CYTOKINE-MEDIATED SIGNALING PATHWAY%GOBP%GO:0001959	REGULATION OF CYTOKINE-MEDIATED SIGNALING PATHWAY%GOBP%GO:0001959		21	0.5770315	1.5040963	0.03842049	0.062458016	1.0	278	tags=62%, list=29%, signal=85%	
POST-TRANSCRIPTIONAL REGULATION OF GENE EXPRESSION%GOBP%GO:0010608	POST-TRANSCRIPTIONAL REGULATION OF GENE EXPRESSION%GOBP%GO:0010608		19	0.59087664	1.5029789	0.04919786	0.06283171	1.0	232	tags=53%, list=24%, signal=68%	
REGULATION OF DNA-TEMPLATED TRANSCRIPTION%GOBP%GO:0006355	REGULATION OF DNA-TEMPLATED TRANSCRIPTION%GOBP%GO:0006355		200	0.48316965	1.5027456	0.0	0.06278386	1.0	284	tags=43%, list=29%, signal=48%	
NEGATIVE REGULATION OF CELL-CELL ADHESION%GOBP%GO:0022408	NEGATIVE REGULATION OF CELL-CELL ADHESION%GOBP%GO:0022408		18	0.5866458	1.502517	0.0440044	0.06272297	1.0	203	tags=50%, list=21%, signal=62%	
REGULATION OF CELLULAR RESPONSE TO STRESS%GOBP%GO:0080135	REGULATION OF CELLULAR RESPONSE TO STRESS%GOBP%GO:0080135		25	0.54960775	1.5007485	0.03987408	0.063386515	1.0	231	tags=48%, list=24%, signal=61%	
T CELL ACTIVATION%GOBP%GO:0042110	T CELL ACTIVATION%GOBP%GO:0042110		27	0.552345	1.4996445	0.047219306	0.063764304	1.0	296	tags=52%, list=31%, signal=73%	
MACROMOLECULE BIOSYNTHETIC PROCESS%GOBP%GO:0009059	MACROMOLECULE BIOSYNTHETIC PROCESS%GOBP%GO:0009059		66	0.5000115	1.4981025	0.016080402	0.06433748	1.0	282	tags=47%, list=29%, signal=62%	
PROGRAMMED CELL DEATH%REACTOME%R-HSA-5357801.4	PROGRAMMED CELL DEATH%REACTOME%R-HSA-5357801.4		16	0.5953647	1.4969684	0.06401766	0.0647926	1.0	73	tags=38%, list=8%, signal=40%	
BLOOD CIRCULATION%GOBP%GO:0008015	BLOOD CIRCULATION%GOBP%GO:0008015		25	0.5547476	1.4962285	0.0491453	0.0649942	1.0	183	tags=36%, list=19%, signal=43%	
CELLULAR RESPONSE TO STRESS%GOBP%GO:0033554	CELLULAR RESPONSE TO STRESS%GOBP%GO:0033554		97	0.49966854	1.4958769	0.002	0.065004334	1.0	283	tags=48%, list=29%, signal=62%	
RESPONSE TO HORMONE%GOBP%GO:0009725	RESPONSE TO HORMONE%GOBP%GO:0009725		54	0.5159988	1.4957944	0.017137097	0.064873844	1.0	88	tags=17%, list=9%, signal=17%	
CLASS A 1 (RHODOPSIN-LIKE RECEPTORS)%REACTOME%R-HSA-373076.10	CLASS A 1 (RHODOPSIN-LIKE RECEPTORS)%REACTOME%R-HSA-373076.10		45	0.51727694	1.4919492	0.0354251	0.06654627	1.0	254	tags=44%, list=26%, signal=58%	
EPITHELIAL CELL DIFFERENTIATION%GOBP%GO:0030855	EPITHELIAL CELL DIFFERENTIATION%GOBP%GO:0030855		30	0.5420513	1.4904864	0.029075805	0.06705777	1.0	195	tags=37%, list=20%, signal=45%	
PROTEIN COMPLEX OLIGOMERIZATION%GOBP%GO:0051259	PROTEIN COMPLEX OLIGOMERIZATION%GOBP%GO:0051259		19	0.5710283	1.489628	0.045652173	0.067383036	1.0	245	tags=47%, list=25%, signal=62%	
GPCR LIGAND BINDING%REACTOME DATABASE ID RELEASE 93%500792	GPCR LIGAND BINDING%REACTOME DATABASE ID RELEASE 93%500792		53	0.51279867	1.4886729	0.011144884	0.06774854	1.0	254	tags=43%, list=26%, signal=56%	
NEGATIVE REGULATION OF BIOSYNTHETIC PROCESS%GOBP%GO:0009890	NEGATIVE REGULATION OF BIOSYNTHETIC PROCESS%GOBP%GO:0009890		137	0.48351318	1.4868717	0.001	0.06843835	1.0	305	tags=46%, list=32%, signal=58%	
DISEASE%REACTOME DATABASE ID RELEASE 93%1643685	DISEASE%REACTOME DATABASE ID RELEASE 93%1643685		97	0.4914134	1.4864398	0.004016064	0.06847325	1.0	221	tags=35%, list=23%, signal=41%	
NEGATIVE REGULATION OF INTRACELLULAR SIGNAL TRANSDUCTION%GOBP%GO:1902532	NEGATIVE REGULATION OF INTRACELLULAR SIGNAL TRANSDUCTION%GOBP%GO:1902532		67	0.5028881	1.4850092	0.008	0.06902456	1.0	315	tags=57%, list=33%, signal=78%	
CALCIUM-MEDIATED SIGNALING%GOBP%GO:0019722	CALCIUM-MEDIATED SIGNALING%GOBP%GO:0019722		17	0.583356	1.4812696	0.04928806	0.070692785	1.0	205	tags=53%, list=21%, signal=66%	
CELLULAR RESPONSES TO STIMULI%REACTOME DATABASE ID RELEASE 93%8953897	CELLULAR RESPONSES TO STIMULI%REACTOME DATABASE ID RELEASE 93%8953897		50	0.5043984	1.4781415	0.022289768	0.07216619	1.0	278	tags=48%, list=29%, signal=64%	
ADAPTIVE IMMUNE SYSTEM%REACTOME DATABASE ID RELEASE 93%1280218	ADAPTIVE IMMUNE SYSTEM%REACTOME DATABASE ID RELEASE 93%1280218		51	0.5097152	1.4776694	0.026342452	0.07222755	1.0	246	tags=43%, list=25%, signal=55%	
NEGATIVE REGULATION OF LEUKOCYTE ACTIVATION%GOBP%GO:0002695	NEGATIVE REGULATION OF LEUKOCYTE ACTIVATION%GOBP%GO:0002695		17	0.5798755	1.4775817	0.061946902	0.07209069	1.0	302	tags=71%, list=31%, signal=101%	
INTRACELLULAR PROTEIN LOCALIZATION%GOBP%GO:0008104	INTRACELLULAR PROTEIN LOCALIZATION%GOBP%GO:0008104		45	0.5161423	1.476917	0.03058104	0.07223202	1.0	175	tags=29%, list=18%, signal=34%	
NEGATIVE REGULATION OF LYMPHOCYTE ACTIVATION%GOBP%GO:0051250	NEGATIVE REGULATION OF LYMPHOCYTE ACTIVATION%GOBP%GO:0051250		15	0.5996158	1.4757495	0.062153164	0.07262568	1.0	302	tags=73%, list=31%, signal=105%	
CELLULAR RESPONSES TO STRESS%REACTOME DATABASE ID RELEASE 93%2262752	CELLULAR RESPONSES TO STRESS%REACTOME DATABASE ID RELEASE 93%2262752		39	0.5241013	1.4726338	0.033604886	0.07400621	1.0	294	tags=54%, list=30%, signal=74%	
REGULATION OF TRANSPORT%GOBP%GO:0051049	REGULATION OF TRANSPORT%GOBP%GO:0051049		103	0.4826328	1.4724511	0.005	0.073921464	1.0	224	tags=33%, list=23%, signal=38%	
RESPONSE TO WOUNDING%GOBP%GO:0009611	RESPONSE TO WOUNDING%GOBP%GO:0009611		28	0.5344805	1.4718294	0.041797284	0.07408506	1.0	315	tags=57%, list=33%, signal=82%	
RESPONSE TO OXIDATIVE STRESS%GOBP%GO:0006979	RESPONSE TO OXIDATIVE STRESS%GOBP%GO:0006979		24	0.55318373	1.47148	0.05894737	0.074070506	1.0	278	tags=54%, list=29%, signal=74%	
SECRETION%GOBP%GO:0046903	SECRETION%GOBP%GO:0046903		25	0.54039407	1.4691068	0.045881126	0.075113	1.0	265	tags=48%, list=27%, signal=64%	
MYD88 CASCADE INITIATED ON PLASMA MEMBRANE%REACTOME DATABASE ID RELEASE 93%975871	MYD88 CASCADE INITIATED ON PLASMA MEMBRANE%REACTOME DATABASE ID RELEASE 93%975871		21	0.5597664	1.4681302	0.06344086	0.07543899	1.0	245	tags=52%, list=25%, signal=69%	
INORGANIC ION HOMEOSTASIS%GOBP%GO:0098771	INORGANIC ION HOMEOSTASIS%GOBP%GO:0098771		25	0.5429398	1.4679369	0.04403867	0.07534955	1.0	255	tags=44%, list=26%, signal=58%	
NEGATIVE REGULATION OF NUCLEOBASE-CONTAINING COMPOUND METABOLIC PROCESS%GOBP%GO:0045934	NEGATIVE REGULATION OF NUCLEOBASE-CONTAINING COMPOUND METABOLIC PROCESS%GOBP%GO:0045934		85	0.48772463	1.4632585	0.008008008	0.07775447	1.0	281	tags=44%, list=29%, signal=56%	
GASTRIN SIGNALING%WIKIPATHWAYS_20250810%WP4659%HOMO SAPIENS	GASTRIN SIGNALING%WIKIPATHWAYS_20250810%WP4659%HOMO SAPIENS		16	0.5869502	1.4631293	0.061043285	0.07763287	1.0	178	tags=50%, list=18%, signal=60%	
REGULATION OF CELL CYCLE PROCESS%GOBP%GO:0010564	REGULATION OF CELL CYCLE PROCESS%GOBP%GO:0010564		35	0.51923466	1.4623213	0.045407638	0.07796257	1.0	281	tags=54%, list=29%, signal=74%	
NEGATIVE REGULATION OF TRANSCRIPTION BY RNA POLYMERASE II%GOBP%GO:0000122	NEGATIVE REGULATION OF TRANSCRIPTION BY RNA POLYMERASE II%GOBP%GO:0000122		60	0.49830744	1.4619843	0.017137097	0.07800568	1.0	264	tags=42%, list=27%, signal=54%	
TOLL LIKE RECEPTOR 10 (TLR10) CASCADE%REACTOME%R-HSA-168142.3	TOLL LIKE RECEPTOR 10 (TLR10) CASCADE%REACTOME%R-HSA-168142.3		21	0.5597664	1.4601177	0.06465517	0.07894983	1.0	245	tags=52%, list=25%, signal=69%	
REGULATION OF BLOOD CIRCULATION%GOBP%GO:1903522	REGULATION OF BLOOD CIRCULATION%GOBP%GO:1903522		17	0.58676726	1.4558026	0.06291391	0.08120987	1.0	183	tags=41%, list=19%, signal=50%	
CELLULAR RESPONSE TO OXIDATIVE STRESS%GOBP%GO:0034599	CELLULAR RESPONSE TO OXIDATIVE STRESS%GOBP%GO:0034599		21	0.55810446	1.4557582	0.058949623	0.08104984	1.0	278	tags=52%, list=29%, signal=72%	
CANCER PATHWAYS%WIKIPATHWAYS_20250810%WP5434%HOMO SAPIENS	CANCER PATHWAYS%WIKIPATHWAYS_20250810%WP5434%HOMO SAPIENS		58	0.49153116	1.4544832	0.032258064	0.08159143	1.0	230	tags=38%, list=24%, signal=47%	
INTERFERON GAMMA SIGNALING%REACTOME DATABASE ID RELEASE 93%877300	INTERFERON GAMMA SIGNALING%REACTOME DATABASE ID RELEASE 93%877300		17	0.585386	1.4532394	0.06469298	0.082118616	1.0	180	tags=53%, list=19%, signal=64%	
NEURON DEVELOPMENT%GOBP%GO:0048666	NEURON DEVELOPMENT%GOBP%GO:0048666		32	0.5237205	1.4511952	0.051387463	0.08307189	1.0	175	tags=34%, list=18%, signal=41%	
EXPORT FROM CELL%GOBP%GO:0140352	EXPORT FROM CELL%GOBP%GO:0140352		27	0.5299024	1.4489409	0.054564532	0.08409295	1.0	194	tags=33%, list=20%, signal=41%	
NEGATIVE REGULATION OF IMMUNE RESPONSE%GOBP%GO:0050777	NEGATIVE REGULATION OF IMMUNE RESPONSE%GOBP%GO:0050777		26	0.5354503	1.4469689	0.0565445	0.084952906	1.0	302	tags=62%, list=31%, signal=87%	
NEGATIVE REGULATION OF CELL POPULATION PROLIFERATION%GOBP%GO:0008285	NEGATIVE REGULATION OF CELL POPULATION PROLIFERATION%GOBP%GO:0008285		55	0.4943021	1.4459915	0.034343433	0.08529411	1.0	235	tags=44%, list=24%, signal=54%	
PLEURAL MESOTHELIOMA%WIKIPATHWAYS_20250810%WP5087%HOMO SAPIENS	PLEURAL MESOTHELIOMA%WIKIPATHWAYS_20250810%WP5087%HOMO SAPIENS		46	0.50610286	1.4448264	0.035460994	0.08575354	1.0	160	tags=28%, list=17%, signal=32%	
REGULATION OF KINASE ACTIVITY%GOBP%GO:0043549	REGULATION OF KINASE ACTIVITY%GOBP%GO:0043549		24	0.5370097	1.4447327	0.07348243	0.085616894	1.0	0	tags=4%, list=0%, signal=4%	
TOLL LIKE RECEPTOR 5 (TLR5) CASCADE%REACTOME DATABASE ID RELEASE 93%168176	TOLL LIKE RECEPTOR 5 (TLR5) CASCADE%REACTOME DATABASE ID RELEASE 93%168176		21	0.5597664	1.4423642	0.07343412	0.08692166	1.0	245	tags=52%, list=25%, signal=69%	
PROTEIN LOCALIZATION TO ORGANELLE%GOBP%GO:0033365	PROTEIN LOCALIZATION TO ORGANELLE%GOBP%GO:0033365		22	0.5452872	1.4417639	0.05944798	0.087033674	1.0	228	tags=50%, list=24%, signal=64%	
SIGNALING BY GPCR%REACTOME%R-HSA-372790.7	SIGNALING BY GPCR%REACTOME%R-HSA-372790.7		69	0.48878586	1.4387754	0.016145308	0.0886197	1.0	254	tags=39%, list=26%, signal=49%	
MONONUCLEAR CELL DIFFERENTIATION%GOBP%GO:1903131	MONONUCLEAR CELL DIFFERENTIATION%GOBP%GO:1903131		36	0.5085953	1.4385835	0.06204757	0.08853479	1.0	235	tags=44%, list=24%, signal=57%	
NEGATIVE REGULATION OF DEFENSE RESPONSE%GOBP%GO:0031348	NEGATIVE REGULATION OF DEFENSE RESPONSE%GOBP%GO:0031348		30	0.51445955	1.4351764	0.06421053	0.090493694	1.0	312	tags=63%, list=32%, signal=91%	
REGULATION OF LOCALIZATION%GOBP%GO:0032879	REGULATION OF LOCALIZATION%GOBP%GO:0032879		119	0.46850753	1.4337099	0.004	0.09119708	1.0	235	tags=33%, list=24%, signal=38%	
NEGATIVE REGULATION OF RESPONSE TO EXTERNAL STIMULUS%GOBP%GO:0032102	NEGATIVE REGULATION OF RESPONSE TO EXTERNAL STIMULUS%GOBP%GO:0032102		43	0.5006035	1.4309834	0.035569105	0.09267645	1.0	312	tags=51%, list=32%, signal=72%	
REGULATION OF CELL CYCLE PHASE TRANSITION%GOBP%GO:1901987	REGULATION OF CELL CYCLE PHASE TRANSITION%GOBP%GO:1901987		20	0.5505397	1.4291666	0.07335491	0.09366793	1.0	281	tags=60%, list=29%, signal=83%	
CELL CYCLE PROCESS%GOBP%GO:0022402	CELL CYCLE PROCESS%GOBP%GO:0022402		24	0.5317745	1.4281383	0.063025214	0.0940466	1.0	115	tags=25%, list=12%, signal=28%	
RESPONSE TO ENDOGENOUS STIMULUS%GOBP%GO:0009719	RESPONSE TO ENDOGENOUS STIMULUS%GOBP%GO:0009719		79	0.47403994	1.4275721	0.018054163	0.0941639	1.0	235	tags=32%, list=24%, signal=38%	
REGULATION OF PROTEIN KINASE ACTIVITY%GOBP%GO:0045859	REGULATION OF PROTEIN KINASE ACTIVITY%GOBP%GO:0045859		23	0.55105203	1.4256744	0.06403415	0.095180355	1.0	253	tags=35%, list=26%, signal=46%	
CELL CYCLE%GOBP%GO:0007049	CELL CYCLE%GOBP%GO:0007049		24	0.53177446	1.4253836	0.068855934	0.09516415	1.0	115	tags=25%, list=12%, signal=28%	
MACROMOLECULE LOCALIZATION%GOBP%GO:0033036	MACROMOLECULE LOCALIZATION%GOBP%GO:0033036		66	0.4825781	1.4244207	0.027162978	0.09548529	1.0	238	tags=38%, list=25%, signal=47%	
NEGATIVE REGULATION OF CELL ACTIVATION%GOBP%GO:0050866	NEGATIVE REGULATION OF CELL ACTIVATION%GOBP%GO:0050866		18	0.5571129	1.4229568	0.07759563	0.09624112	1.0	302	tags=67%, list=31%, signal=95%	
CELL ADHESION%GOBP%GO:0007155	CELL ADHESION%GOBP%GO:0007155		54	0.4858877	1.422887	0.041330647	0.09607706	1.0	130	tags=17%, list=13%, signal=18%	
RNA BIOSYNTHETIC PROCESS%GOBP%GO:0032774	RNA BIOSYNTHETIC PROCESS%GOBP%GO:0032774		24	0.52498835	1.4218665	0.07380457	0.096583016	1.0	264	tags=54%, list=27%, signal=73%	
POSITIVE REGULATION OF CELLULAR COMPONENT BIOGENESIS%GOBP%GO:0044089	POSITIVE REGULATION OF CELLULAR COMPONENT BIOGENESIS%GOBP%GO:0044089		37	0.513753	1.420793	0.05102041	0.09709613	1.0	228	tags=35%, list=24%, signal=44%	
NEGATIVE REGULATION OF RNA METABOLIC PROCESS%GOBP%GO:0051253	NEGATIVE REGULATION OF RNA METABOLIC PROCESS%GOBP%GO:0051253		81	0.47567067	1.4160472	0.022	0.10012083	1.0	281	tags=43%, list=29%, signal=56%	
MYELOID LEUKOCYTE DIFFERENTIATION%GOBP%GO:0002573	MYELOID LEUKOCYTE DIFFERENTIATION%GOBP%GO:0002573		20	0.54093075	1.4143506	0.08690987	0.10098913	1.0	235	tags=55%, list=24%, signal=71%	
MACROMOLECULE METABOLIC PROCESS%GOBP%GO:0043170	MACROMOLECULE METABOLIC PROCESS%GOBP%GO:0043170		164	0.45883334	1.4132082	0.001	0.101528585	1.0	297	tags=44%, list=31%, signal=53%	
GPCR DOWNSTREAM SIGNALLING%REACTOME%R-HSA-388396.8	GPCR DOWNSTREAM SIGNALLING%REACTOME%R-HSA-388396.8		55	0.48603502	1.4130182	0.029058116	0.10139833	1.0	254	tags=40%, list=26%, signal=51%	
CLASS I MHC MEDIATED ANTIGEN PROCESSING & PRESENTATION%REACTOME%R-HSA-983169.7	CLASS I MHC MEDIATED ANTIGEN PROCESSING & PRESENTATION%REACTOME%R-HSA-983169.7		15	0.5642927	1.4062926	0.09255079	0.10584834	1.0	329	tags=73%, list=34%, signal=110%	
REGULATION OF TRANSFERASE ACTIVITY%GOBP%GO:0051338	REGULATION OF TRANSFERASE ACTIVITY%GOBP%GO:0051338		26	0.52373946	1.4060912	0.082635984	0.10573645	1.0	253	tags=35%, list=26%, signal=46%	
NEGATIVE REGULATION OF DNA-TEMPLATED TRANSCRIPTION%GOBP%GO:0045892	NEGATIVE REGULATION OF DNA-TEMPLATED TRANSCRIPTION%GOBP%GO:0045892		78	0.4729489	1.405558	0.016032064	0.1058953	1.0	281	tags=42%, list=29%, signal=55%	
PROTEIN-CONTAINING COMPLEX ASSEMBLY%GOBP%GO:0065003	PROTEIN-CONTAINING COMPLEX ASSEMBLY%GOBP%GO:0065003		48	0.4808188	1.4047562	0.047426842	0.1062095	1.0	247	tags=40%, list=26%, signal=51%	
PI3K AKT SIGNALING%WIKIPATHWAYS_20250810%WP4172%HOMO SAPIENS	PI3K AKT SIGNALING%WIKIPATHWAYS_20250810%WP4172%HOMO SAPIENS		27	0.51779693	1.40298	0.07454739	0.10736599	1.0	308	tags=52%, list=32%, signal=74%	
ANIMAL ORGAN DEVELOPMENT%GOBP%GO:0048513	ANIMAL ORGAN DEVELOPMENT%GOBP%GO:0048513		92	0.47132388	1.3999727	0.025025025	0.10921402	1.0	149	tags=21%, list=15%, signal=22%	
INTRACELLULAR CHEMICAL HOMEOSTASIS%GOBP%GO:0055082	INTRACELLULAR CHEMICAL HOMEOSTASIS%GOBP%GO:0055082		27	0.5178784	1.3986195	0.085443035	0.10994716	1.0	273	tags=48%, list=28%, signal=65%	
NUCLEIC ACID BIOSYNTHETIC PROCESS%GOBP%GO:0141187	NUCLEIC ACID BIOSYNTHETIC PROCESS%GOBP%GO:0141187		24	0.52498835	1.3984396	0.091201715	0.10984366	1.0	264	tags=54%, list=27%, signal=73%	
NEGATIVE REGULATION OF RNA BIOSYNTHETIC PROCESS%GOBP%GO:1902679	NEGATIVE REGULATION OF RNA BIOSYNTHETIC PROCESS%GOBP%GO:1902679		79	0.46716747	1.3978758	0.027081244	0.110002555	1.0	281	tags=42%, list=29%, signal=54%	
CENTRAL NERVOUS SYSTEM DEVELOPMENT%GOBP%GO:0007417	CENTRAL NERVOUS SYSTEM DEVELOPMENT%GOBP%GO:0007417		39	0.49721497	1.3977855	0.06428572	0.109834544	1.0	219	tags=31%, list=23%, signal=38%	
G PROTEIN-COUPLED RECEPTOR SIGNALING PATHWAY%GOBP%GO:0007186	G PROTEIN-COUPLED RECEPTOR SIGNALING PATHWAY%GOBP%GO:0007186		73	0.4649141	1.397018	0.039235413	0.11022959	1.0	254	tags=38%, list=26%, signal=48%	
INTRACELLULAR MONOATOMIC ION HOMEOSTASIS%GOBP%GO:0006873	INTRACELLULAR MONOATOMIC ION HOMEOSTASIS%GOBP%GO:0006873		24	0.52696043	1.3944782	0.08691099	0.11190749	1.0	255	tags=46%, list=26%, signal=61%	
DNA-TEMPLATED TRANSCRIPTION%GOBP%GO:0006351	DNA-TEMPLATED TRANSCRIPTION%GOBP%GO:0006351		17	0.54524666	1.3944578	0.09460946	0.111680984	1.0	264	tags=53%, list=27%, signal=72%	
IMMUNE EFFECTOR PROCESS%GOBP%GO:0002252	IMMUNE EFFECTOR PROCESS%GOBP%GO:0002252		33	0.49168923	1.3913332	0.07172131	0.113901176	1.0	308	tags=48%, list=32%, signal=69%	
DEVELOPMENTAL BIOLOGY%REACTOME%R-HSA-1266738.18	DEVELOPMENTAL BIOLOGY%REACTOME%R-HSA-1266738.18		59	0.47600204	1.3909695	0.050301813	0.11395003	1.0	134	tags=19%, list=14%, signal=20%	
INNATE IMMUNE SYSTEM%REACTOME DATABASE ID RELEASE 93%168249	INNATE IMMUNE SYSTEM%REACTOME DATABASE ID RELEASE 93%168249		88	0.46439278	1.389722	0.02	0.11463036	1.0	245	tags=42%, list=25%, signal=51%	
SECRETION BY CELL%GOBP%GO:0032940	SECRETION BY CELL%GOBP%GO:0032940		23	0.52871627	1.3878267	0.0870021	0.11578202	1.0	194	tags=35%, list=20%, signal=42%	
NEGATIVE REGULATION OF CELL CYCLE%GOBP%GO:0045786	NEGATIVE REGULATION OF CELL CYCLE%GOBP%GO:0045786		23	0.5210921	1.3864354	0.085653104	0.11657612	1.0	300	tags=57%, list=31%, signal=80%	
INTRACELLULAR MONOATOMIC CATION HOMEOSTASIS%GOBP%GO:0030003	INTRACELLULAR MONOATOMIC CATION HOMEOSTASIS%GOBP%GO:0030003		23	0.5208227	1.3861153	0.086538464	0.11657527	1.0	175	tags=35%, list=18%, signal=41%	
NUCLEAR RECEPTORS META PATHWAY%WIKIPATHWAYS_20250810%WP2882%HOMO SAPIENS	NUCLEAR RECEPTORS META PATHWAY%WIKIPATHWAYS_20250810%WP2882%HOMO SAPIENS		40	0.4829216	1.3790859	0.06632653	0.12189942	1.0	185	tags=28%, list=19%, signal=33%	
ANGIOGENESIS%GOBP%GO:0001525	ANGIOGENESIS%GOBP%GO:0001525		19	0.52605236	1.3787936	0.10640608	0.121865645	1.0	149	tags=32%, list=15%, signal=37%	
HALLMARK_IL2_STAT5_SIGNALING%MSIGDBHALLMARK%HALLMARK_IL2_STAT5_SIGNALING	HALLMARK_IL2_STAT5_SIGNALING%MSIGDBHALLMARK%HALLMARK_IL2_STAT5_SIGNALING		40	0.482057	1.3775077	0.07739308	0.122663446	1.0	405	tags=70%, list=42%, signal=116%	
INTRACELLULAR SIGNALING CASSETTE%GOBP%GO:0141124	INTRACELLULAR SIGNALING CASSETTE%GOBP%GO:0141124		63	0.47083324	1.377397	0.046184737	0.12251278	1.0	237	tags=40%, list=25%, signal=49%	
SYSTEM PROCESS%GOBP%GO:0003008	SYSTEM PROCESS%GOBP%GO:0003008		69	0.46509683	1.3747057	0.04632427	0.1244406	1.0	128	tags=16%, list=13%, signal=17%	
ERK1 ERK2 PATHWAY%REACTOME DATABASE ID RELEASE 93%5684996	ERK1 ERK2 PATHWAY%REACTOME DATABASE ID RELEASE 93%5684996		27	0.5023957	1.3740684	0.086134456	0.12468978	1.0	326	tags=52%, list=34%, signal=76%	
PROTEIN-CONTAINING COMPLEX ORGANIZATION%GOBP%GO:0043933	PROTEIN-CONTAINING COMPLEX ORGANIZATION%GOBP%GO:0043933		51	0.47573596	1.3732947	0.050556116	0.12497274	1.0	247	tags=39%, list=26%, signal=50%	
CELLULAR HOMEOSTASIS%GOBP%GO:0019725	CELLULAR HOMEOSTASIS%GOBP%GO:0019725		36	0.491315	1.3730695	0.076219514	0.124885514	1.0	198	tags=33%, list=21%, signal=40%	
CIRCULATORY SYSTEM PROCESS%GOBP%GO:0003013	CIRCULATORY SYSTEM PROCESS%GOBP%GO:0003013		32	0.49719816	1.3728032	0.0781893	0.12484398	1.0	149	tags=28%, list=15%, signal=32%	
NUCLEOBASE-CONTAINING COMPOUND METABOLIC PROCESS%GOBP%GO:0006139	NUCLEOBASE-CONTAINING COMPOUND METABOLIC PROCESS%GOBP%GO:0006139		66	0.4609946	1.3692776	0.0472837	0.12750491	1.0	310	tags=50%, list=32%, signal=69%	
HALLMARK_P53_PATHWAY%MSIGDBHALLMARK%HALLMARK_P53_PATHWAY	HALLMARK_P53_PATHWAY%MSIGDBHALLMARK%HALLMARK_P53_PATHWAY		33	0.4918511	1.36891	0.07668394	0.12755625	1.0	115	tags=27%, list=12%, signal=30%	
REGULATION OF ORGANELLE ORGANIZATION%GOBP%GO:0033043	REGULATION OF ORGANELLE ORGANIZATION%GOBP%GO:0033043		62	0.47050595	1.3670405	0.050301813	0.12883997	1.0	208	tags=29%, list=22%, signal=35%	
NEURON PROJECTION DEVELOPMENT%GOBP%GO:0031175	NEURON PROJECTION DEVELOPMENT%GOBP%GO:0031175		26	0.5047721	1.366214	0.102537	0.1292538	1.0	276	tags=42%, list=29%, signal=58%	
CELL DEVELOPMENT%GOBP%GO:0048468	CELL DEVELOPMENT%GOBP%GO:0048468		109	0.44915944	1.3640481	0.023	0.13077307	1.0	335	tags=46%, list=35%, signal=62%	
CELL POPULATION PROLIFERATION%GOBP%GO:0008283	CELL POPULATION PROLIFERATION%GOBP%GO:0008283		20	0.52423555	1.3617741	0.10752688	0.13235533	1.0	240	tags=50%, list=25%, signal=65%	
HEMOPOIESIS%GOBP%GO:0030097	HEMOPOIESIS%GOBP%GO:0030097		54	0.46512437	1.3602303	0.053373616	0.13338993	1.0	313	tags=52%, list=32%, signal=72%	
REGULATION OF BIOLOGICAL QUALITY%GOBP%GO:0065008	REGULATION OF BIOLOGICAL QUALITY%GOBP%GO:0065008		148	0.43909732	1.3586892	0.009	0.13433139	1.0	278	tags=38%, list=29%, signal=45%	
LYMPHOCYTE ACTIVATION%GOBP%GO:0046649	LYMPHOCYTE ACTIVATION%GOBP%GO:0046649		44	0.47988924	1.3564811	0.068895645	0.13600911	1.0	300	tags=50%, list=31%, signal=69%	
MULTICELLULAR ORGANISMAL-LEVEL HOMEOSTASIS%GOBP%GO:0048871	MULTICELLULAR ORGANISMAL-LEVEL HOMEOSTASIS%GOBP%GO:0048871		33	0.48814958	1.3543364	0.09119171	0.13769287	1.0	265	tags=42%, list=27%, signal=56%	
REGULATION OF INTRINSIC APOPTOTIC SIGNALING PATHWAY%GOBP%GO:2001242	REGULATION OF INTRINSIC APOPTOTIC SIGNALING PATHWAY%GOBP%GO:2001242		15	0.5515605	1.3537692	0.11958998	0.13790682	1.0	315	tags=73%, list=33%, signal=107%	
BIOSYNTHETIC PROCESS%GOBP%GO:0009058	BIOSYNTHETIC PROCESS%GOBP%GO:0009058		116	0.44123298	1.3519433	0.022022022	0.13929579	1.0	288	tags=41%, list=30%, signal=52%	
RNA POLYMERASE II TRANSCRIPTION%REACTOME DATABASE ID RELEASE 93%73857	RNA POLYMERASE II TRANSCRIPTION%REACTOME DATABASE ID RELEASE 93%73857		71	0.44939613	1.3503348	0.044176705	0.14050809	1.0	174	tags=27%, list=18%, signal=30%	
NEGATIVE REGULATION OF INFLAMMATORY RESPONSE%GOBP%GO:0050728	NEGATIVE REGULATION OF INFLAMMATORY RESPONSE%GOBP%GO:0050728		23	0.51129955	1.3491509	0.12988384	0.14134823	1.0	312	tags=61%, list=32%, signal=88%	
NUCLEOBASE-CONTAINING COMPOUND BIOSYNTHETIC PROCESS%GOBP%GO:0034654	NUCLEOBASE-CONTAINING COMPOUND BIOSYNTHETIC PROCESS%GOBP%GO:0034654		39	0.47377908	1.3471085	0.110091746	0.14288601	1.0	373	tags=67%, list=39%, signal=104%	
CHEMICAL HOMEOSTASIS%GOBP%GO:0048878	CHEMICAL HOMEOSTASIS%GOBP%GO:0048878		48	0.45965374	1.3463116	0.083248734	0.1433185	1.0	255	tags=40%, list=26%, signal=51%	
WOUND HEALING%GOBP%GO:0042060	WOUND HEALING%GOBP%GO:0042060		21	0.5165249	1.3437471	0.11953042	0.14532042	1.0	315	tags=62%, list=33%, signal=90%	
POST-TRANSLATIONAL PROTEIN MODIFICATION%REACTOME%R-HSA-597592.12	POST-TRANSLATIONAL PROTEIN MODIFICATION%REACTOME%R-HSA-597592.12		61	0.4575226	1.3436791	0.064386316	0.14510284	1.0	326	tags=54%, list=34%, signal=77%	
MYELOID CELL DIFFERENTIATION%GOBP%GO:0030099	MYELOID CELL DIFFERENTIATION%GOBP%GO:0030099		24	0.4992713	1.3402039	0.11814346	0.14800332	1.0	265	tags=54%, list=27%, signal=73%	
REGULATION OF CELL CYCLE%GOBP%GO:0051726	REGULATION OF CELL CYCLE%GOBP%GO:0051726		60	0.4621295	1.3395346	0.06419258	0.14833544	1.0	281	tags=48%, list=29%, signal=64%	
REGULATION OF MOLECULAR FUNCTION%GOBP%GO:0065009	REGULATION OF MOLECULAR FUNCTION%GOBP%GO:0065009		77	0.44715366	1.3381219	0.052208837	0.14935797	1.0	237	tags=31%, list=25%, signal=38%	
HALLMARK_EPITHELIAL_MESENCHYMAL_TRANSITION%MSIGDBHALLMARK%HALLMARK_EPITHELIAL_MESENCHYMAL_TRANSITION	HALLMARK_EPITHELIAL_MESENCHYMAL_TRANSITION%MSIGDBHALLMARK%HALLMARK_EPITHELIAL_MESENCHYMAL_TRANSITION		28	0.49136263	1.335999	0.117585845	0.15113582	1.0	149	tags=25%, list=15%, signal=29%	
HALLMARK_KRAS_SIGNALING_UP%MSIGDBHALLMARK%HALLMARK_KRAS_SIGNALING_UP	HALLMARK_KRAS_SIGNALING_UP%MSIGDBHALLMARK%HALLMARK_KRAS_SIGNALING_UP		31	0.48436555	1.3313862	0.12020726	0.15534943	1.0	178	tags=35%, list=18%, signal=42%	
INTERFERON SIGNALING%REACTOME DATABASE ID RELEASE 93%913531	INTERFERON SIGNALING%REACTOME DATABASE ID RELEASE 93%913531		41	0.46295807	1.3284814	0.09989806	0.15781517	1.0	228	tags=44%, list=24%, signal=55%	
REGULATION OF CATALYTIC ACTIVITY%GOBP%GO:0050790	REGULATION OF CATALYTIC ACTIVITY%GOBP%GO:0050790		45	0.45932275	1.3261871	0.09562564	0.15965435	1.0	253	tags=31%, list=26%, signal=40%	
GENERIC TRANSCRIPTION PATHWAY%REACTOME%R-HSA-212436.13	GENERIC TRANSCRIPTION PATHWAY%REACTOME%R-HSA-212436.13		69	0.44941434	1.3242655	0.07236181	0.16128069	1.0	124	tags=22%, list=13%, signal=23%	
SMALL MOLECULE BIOSYNTHETIC PROCESS%GOBP%GO:0044283	SMALL MOLECULE BIOSYNTHETIC PROCESS%GOBP%GO:0044283		22	0.49538434	1.3226297	0.11860718	0.16256127	1.0	167	tags=27%, list=17%, signal=32%	
LEUKOCYTE DIFFERENTIATION%GOBP%GO:0002521	LEUKOCYTE DIFFERENTIATION%GOBP%GO:0002521		44	0.46286583	1.3203644	0.09582059	0.16452931	1.0	235	tags=39%, list=24%, signal=49%	
CHROMATIN ORGANIZATION%GOBP%GO:0006325	CHROMATIN ORGANIZATION%GOBP%GO:0006325		16	0.5248861	1.3202039	0.14174107	0.16437833	1.0	66	tags=19%, list=7%, signal=20%	
REGULATION OF RECEPTOR SIGNALING PATHWAY VIA STAT%GOBP%GO:1904892	REGULATION OF RECEPTOR SIGNALING PATHWAY VIA STAT%GOBP%GO:1904892		17	0.5203619	1.319779	0.1585903	0.16451417	1.0	171	tags=29%, list=18%, signal=35%	
CELL DIFFERENTIATION%GOBP%GO:0030154	CELL DIFFERENTIATION%GOBP%GO:0030154		165	0.42359698	1.3173989	0.021	0.16656369	1.0	313	tags=40%, list=32%, signal=49%	
BLOOD VESSEL MORPHOGENESIS%GOBP%GO:0048514	BLOOD VESSEL MORPHOGENESIS%GOBP%GO:0048514		23	0.49591935	1.3147418	0.13445379	0.16898423	1.0	149	tags=30%, list=15%, signal=35%	
GLUCOCORTICOID RECEPTOR PATHWAY%WIKIPATHWAYS_20250810%WP2880%HOMO SAPIENS	GLUCOCORTICOID RECEPTOR PATHWAY%WIKIPATHWAYS_20250810%WP2880%HOMO SAPIENS		19	0.5099497	1.3126949	0.14794816	0.17077199	1.0	178	tags=37%, list=18%, signal=44%	
CELLULAR COMPONENT ASSEMBLY%GOBP%GO:0022607	CELLULAR COMPONENT ASSEMBLY%GOBP%GO:0022607		79	0.43503073	1.3125411	0.073	0.17060053	1.0	270	tags=35%, list=28%, signal=45%	
MAPK FAMILY SIGNALING CASCADES%REACTOME%R-HSA-5683057.5	MAPK FAMILY SIGNALING CASCADES%REACTOME%R-HSA-5683057.5		29	0.4771312	1.309561	0.125903	0.17331348	1.0	337	tags=52%, list=35%, signal=77%	
PID_AP1_PATHWAY%MSIGDB_C2%PID_AP1_PATHWAY	PID_AP1_PATHWAY%MSIGDB_C2%PID_AP1_PATHWAY		16	0.52410626	1.3085716	0.13537118	0.17400235	1.0	386	tags=75%, list=40%, signal=123%	
NEUTROPHIL DEGRANULATION%REACTOME%R-HSA-6798695.3	NEUTROPHIL DEGRANULATION%REACTOME%R-HSA-6798695.3		30	0.47545674	1.3062948	0.12655602	0.17615888	1.0	315	tags=50%, list=33%, signal=72%	
REGULATION OF ANATOMICAL STRUCTURE SIZE%GOBP%GO:0090066	REGULATION OF ANATOMICAL STRUCTURE SIZE%GOBP%GO:0090066		24	0.49093372	1.3060148	0.14705883	0.17614639	1.0	205	tags=38%, list=21%, signal=46%	
NEURON DIFFERENTIATION%GOBP%GO:0030182	NEURON DIFFERENTIATION%GOBP%GO:0030182		43	0.45793825	1.3042836	0.1082996	0.17769015	1.0	284	tags=40%, list=29%, signal=54%	
RESPONSE TO TOXIC SUBSTANCE%GOBP%GO:0009636	RESPONSE TO TOXIC SUBSTANCE%GOBP%GO:0009636		15	0.51970905	1.304133	0.14949037	0.17749973	1.0	42	tags=20%, list=4%, signal=21%	
PROTEIN HOMOOLIGOMERIZATION%GOBP%GO:0051260	PROTEIN HOMOOLIGOMERIZATION%GOBP%GO:0051260		17	0.5126854	1.3023926	0.16139954	0.17894812	1.0	245	tags=41%, list=25%, signal=54%	
RESPONSE TO NITROGEN COMPOUND%GOBP%GO:1901698	RESPONSE TO NITROGEN COMPOUND%GOBP%GO:1901698		64	0.44013655	1.3008862	0.08551308	0.18025696	1.0	119	tags=22%, list=12%, signal=23%	
AP-1 TRANSCRIPTION FACTOR NETWORK%PATHWAY INTERACTION DATABASE NCI-NATURE CURATED DATA%AP-1 TRANSCRIPTION FACTOR NETWORK	AP-1 TRANSCRIPTION FACTOR NETWORK%PATHWAY INTERACTION DATABASE NCI-NATURE CURATED DATA%AP-1 TRANSCRIPTION FACTOR NETWORK		19	0.5052665	1.3001	0.14660831	0.18074839	1.0	386	tags=68%, list=40%, signal=112%	
REGULATION OF CELLULAR COMPONENT ORGANIZATION%GOBP%GO:0051128	REGULATION OF CELLULAR COMPONENT ORGANIZATION%GOBP%GO:0051128		137	0.4270574	1.2995201	0.037	0.18102185	1.0	283	tags=36%, list=29%, signal=43%	
NEGATIVE REGULATION OF RESPONSE TO BIOTIC STIMULUS%GOBP%GO:0002832	NEGATIVE REGULATION OF RESPONSE TO BIOTIC STIMULUS%GOBP%GO:0002832		15	0.5312268	1.2981551	0.16496018	0.18214494	1.0	287	tags=60%, list=30%, signal=84%	
ANIMAL ORGAN MORPHOGENESIS%GOBP%GO:0009887	ANIMAL ORGAN MORPHOGENESIS%GOBP%GO:0009887		34	0.46606326	1.2979227	0.12873326	0.18203868	1.0	276	tags=38%, list=29%, signal=52%	
SYSTEM DEVELOPMENT%GOBP%GO:0048731	SYSTEM DEVELOPMENT%GOBP%GO:0048731		135	0.4267813	1.2976933	0.044	0.18193656	1.0	299	tags=38%, list=31%, signal=47%	
CELLULAR DEVELOPMENTAL PROCESS%GOBP%GO:0048869	CELLULAR DEVELOPMENTAL PROCESS%GOBP%GO:0048869		165	0.42359698	1.2971661	0.026	0.18221128	1.0	313	tags=40%, list=32%, signal=49%	
REGULATION OF G PROTEIN-COUPLED RECEPTOR SIGNALING PATHWAY%GOBP%GO:0008277	REGULATION OF G PROTEIN-COUPLED RECEPTOR SIGNALING PATHWAY%GOBP%GO:0008277		16	0.52166253	1.2950975	0.16053511	0.18411861	1.0	131	tags=31%, list=14%, signal=36%	
CELLULAR COMPONENT BIOGENESIS%GOBP%GO:0044085	CELLULAR COMPONENT BIOGENESIS%GOBP%GO:0044085		80	0.4273804	1.2948483	0.07014028	0.18403867	1.0	270	tags=35%, list=28%, signal=45%	
CELLULAR LOCALIZATION%GOBP%GO:0051641	CELLULAR LOCALIZATION%GOBP%GO:0051641		50	0.43623966	1.2847441	0.1266464	0.19503497	1.0	63	tags=12%, list=7%, signal=12%	
HOMEOSTATIC PROCESS%GOBP%GO:0042592	HOMEOSTATIC PROCESS%GOBP%GO:0042592		80	0.4284165	1.2834295	0.0772317	0.19616982	1.0	273	tags=40%, list=28%, signal=51%	
REGULATION OF PATTERN RECOGNITION RECEPTOR SIGNALING PATHWAY%GOBP%GO:0062207	REGULATION OF PATTERN RECOGNITION RECEPTOR SIGNALING PATHWAY%GOBP%GO:0062207		24	0.4899479	1.2833182	0.16489361	0.1959128	1.0	235	tags=50%, list=24%, signal=64%	
CELLULAR RESPONSE TO NITROGEN COMPOUND%GOBP%GO:1901699	CELLULAR RESPONSE TO NITROGEN COMPOUND%GOBP%GO:1901699		41	0.45382127	1.2812723	0.13313009	0.19799882	1.0	119	tags=24%, list=12%, signal=27%	
NERVOUS SYSTEM DEVELOPMENT%GOBP%GO:0007399	NERVOUS SYSTEM DEVELOPMENT%GOBP%GO:0007399		88	0.42525953	1.2801512	0.07107107	0.19880354	1.0	175	tags=22%, list=18%, signal=24%	
NEGATIVE REGULATION OF PROTEIN MODIFICATION PROCESS%GOBP%GO:0031400	NEGATIVE REGULATION OF PROTEIN MODIFICATION PROCESS%GOBP%GO:0031400		19	0.49605605	1.2754517	0.16991343	0.20381972	1.0	302	tags=58%, list=31%, signal=83%	
CIRCADIAN RHYTHM GENES%WIKIPATHWAYS_20250810%WP3594%HOMO SAPIENS	CIRCADIAN RHYTHM GENES%WIKIPATHWAYS_20250810%WP3594%HOMO SAPIENS		18	0.49997413	1.2719574	0.16393442	0.20764364	1.0	264	tags=50%, list=27%, signal=68%	
TUBE MORPHOGENESIS%GOBP%GO:0035239	TUBE MORPHOGENESIS%GOBP%GO:0035239		29	0.46408457	1.2716289	0.16441207	0.2076121	1.0	285	tags=41%, list=30%, signal=57%	
METABOLISM OF PROTEINS%REACTOME%R-HSA-392499.12	METABOLISM OF PROTEINS%REACTOME%R-HSA-392499.12		71	0.42862535	1.2713653	0.10721443	0.20756876	1.0	326	tags=51%, list=34%, signal=71%	
REGULATION OF BODY FLUID LEVELS%GOBP%GO:0050878	REGULATION OF BODY FLUID LEVELS%GOBP%GO:0050878		24	0.48076004	1.2668731	0.17418678	0.21264029	1.0	315	tags=54%, list=33%, signal=78%	
GLAND DEVELOPMENT%GOBP%GO:0048732	GLAND DEVELOPMENT%GOBP%GO:0048732		15	0.5115405	1.2665205	0.17849223	0.21268956	1.0	247	tags=40%, list=26%, signal=53%	
MAPK CASCADE%GOBP%GO:0000165	MAPK CASCADE%GOBP%GO:0000165		15	0.5176122	1.2614454	0.17917134	0.21832225	1.0	296	tags=53%, list=31%, signal=76%	
VEGFA VEGFR2 SIGNALING%WIKIPATHWAYS_20250810%WP3888%HOMO SAPIENS	VEGFA VEGFR2 SIGNALING%WIKIPATHWAYS_20250810%WP3888%HOMO SAPIENS		36	0.44926006	1.2610714	0.1529052	0.21838035	1.0	149	tags=28%, list=15%, signal=32%	
TRANSCRIPTIONAL REGULATION BY TP53%REACTOME DATABASE ID RELEASE 93%3700989	TRANSCRIPTIONAL REGULATION BY TP53%REACTOME DATABASE ID RELEASE 93%3700989		17	0.49410966	1.2557703	0.17678958	0.22465773	1.0	35	tags=12%, list=4%, signal=12%	
GENE EXPRESSION (TRANSCRIPTION)%REACTOME%R-HSA-74160.9	GENE EXPRESSION (TRANSCRIPTION)%REACTOME%R-HSA-74160.9		78	0.42360607	1.2507935	0.10420842	0.23041895	1.0	174	tags=26%, list=18%, signal=29%	
MONOATOMIC ION HOMEOSTASIS%GOBP%GO:0050801	MONOATOMIC ION HOMEOSTASIS%GOBP%GO:0050801		28	0.45623025	1.2494606	0.1955836	0.23169139	1.0	255	tags=39%, list=26%, signal=52%	
EPITHELIUM DEVELOPMENT%GOBP%GO:0060429	EPITHELIUM DEVELOPMENT%GOBP%GO:0060429		46	0.43648675	1.2492255	0.17671093	0.2315489	1.0	265	tags=37%, list=27%, signal=49%	
MULTICELLULAR ORGANISM DEVELOPMENT%GOBP%GO:0007275	MULTICELLULAR ORGANISM DEVELOPMENT%GOBP%GO:0007275		157	0.4055328	1.2463883	0.062	0.2348394	1.0	299	tags=36%, list=31%, signal=44%	
INTERFERON ALPHA BETA SIGNALING%REACTOME%R-HSA-909733.9	INTERFERON ALPHA BETA SIGNALING%REACTOME%R-HSA-909733.9		23	0.4676014	1.2457342	0.19382322	0.23528124	1.0	217	tags=43%, list=22%, signal=55%	
EXOCYTOSIS%GOBP%GO:0006887	EXOCYTOSIS%GOBP%GO:0006887		16	0.50342095	1.2454369	0.1940133	0.2352348	1.0	235	tags=38%, list=24%, signal=49%	
REGULATION OF CELLULAR COMPONENT BIOGENESIS%GOBP%GO:0044087	REGULATION OF CELLULAR COMPONENT BIOGENESIS%GOBP%GO:0044087		58	0.4262348	1.2439768	0.14818548	0.23676808	1.0	210	tags=26%, list=22%, signal=31%	
BLOOD VESSEL DEVELOPMENT%GOBP%GO:0001568	BLOOD VESSEL DEVELOPMENT%GOBP%GO:0001568		27	0.46487167	1.2429093	0.18822293	0.23780917	1.0	285	tags=44%, list=30%, signal=61%	
VITAMIN D RECEPTOR PATHWAY%WIKIPATHWAYS_20250810%WP2877%HOMO SAPIENS	VITAMIN D RECEPTOR PATHWAY%WIKIPATHWAYS_20250810%WP2877%HOMO SAPIENS		20	0.47740054	1.2416037	0.20021413	0.23900278	1.0	296	tags=50%, list=31%, signal=71%	
CELLULAR RESPONSE TO GROWTH FACTOR STIMULUS%GOBP%GO:0071363	CELLULAR RESPONSE TO GROWTH FACTOR STIMULUS%GOBP%GO:0071363		29	0.44656718	1.2403635	0.2063655	0.24022439	1.0	292	tags=45%, list=30%, signal=62%	
GENERATION OF NEURONS%GOBP%GO:0048699	GENERATION OF NEURONS%GOBP%GO:0048699		47	0.42221135	1.2361456	0.1718908	0.24547116	1.0	175	tags=26%, list=18%, signal=30%	
VASCULATURE DEVELOPMENT%GOBP%GO:0001944	VASCULATURE DEVELOPMENT%GOBP%GO:0001944		29	0.44919544	1.2339561	0.21278825	0.24804345	1.0	285	tags=41%, list=30%, signal=57%	
MONOATOMIC CATION HOMEOSTASIS%GOBP%GO:0055080	MONOATOMIC CATION HOMEOSTASIS%GOBP%GO:0055080		27	0.45567086	1.23122	0.21091291	0.2513777	1.0	175	tags=30%, list=18%, signal=35%	
GASTRIN_CCK2R_240212%PANTHER PATHWAY%P06959	GASTRIN_CCK2R_240212%PANTHER PATHWAY%P06959		18	0.47853237	1.2306494	0.2258772	0.25164467	1.0	131	tags=28%, list=14%, signal=32%	
PROTEIN MODIFICATION BY SMALL PROTEIN CONJUGATION OR REMOVAL%GOBP%GO:0070647	PROTEIN MODIFICATION BY SMALL PROTEIN CONJUGATION OR REMOVAL%GOBP%GO:0070647		26	0.45236912	1.2258028	0.21997875	0.25788766	1.0	217	tags=38%, list=22%, signal=48%	
REGULATION OF PROTEIN STABILITY%GOBP%GO:0031647	REGULATION OF PROTEIN STABILITY%GOBP%GO:0031647		15	0.49347925	1.2255567	0.2	0.2578002	1.0	332	tags=67%, list=34%, signal=100%	
REGULATION OF SYSTEM PROCESS%GOBP%GO:0044057	REGULATION OF SYSTEM PROCESS%GOBP%GO:0044057		32	0.44176495	1.2227914	0.19979297	0.2610907	1.0	197	tags=28%, list=20%, signal=34%	
POST-TRANSLATIONAL PROTEIN MODIFICATION%GOBP%GO:0043687	POST-TRANSLATIONAL PROTEIN MODIFICATION%GOBP%GO:0043687		28	0.44040087	1.2212178	0.21734588	0.26292917	1.0	217	tags=36%, list=22%, signal=45%	
ALCOHOL METABOLIC PROCESS%GOBP%GO:0006066	ALCOHOL METABOLIC PROCESS%GOBP%GO:0006066		15	0.4888493	1.2177062	0.21355931	0.2676053	1.0	33	tags=13%, list=3%, signal=14%	
RESPONSE TO GROWTH FACTOR%GOBP%GO:0070848	RESPONSE TO GROWTH FACTOR%GOBP%GO:0070848		29	0.44656718	1.2153925	0.20703934	0.27043003	1.0	292	tags=45%, list=30%, signal=62%	
RAF MAP KINASE CASCADE%REACTOME DATABASE ID RELEASE 93%5673001	RAF MAP KINASE CASCADE%REACTOME DATABASE ID RELEASE 93%5673001		26	0.44590652	1.2130986	0.22526316	0.27320746	1.0	326	tags=50%, list=34%, signal=73%	
CELLULAR RESPONSE TO ENDOGENOUS STIMULUS%GOBP%GO:0071495	CELLULAR RESPONSE TO ENDOGENOUS STIMULUS%GOBP%GO:0071495		61	0.41222167	1.2124474	0.17688443	0.27371937	1.0	296	tags=41%, list=31%, signal=55%	
TRANSCRIPTION BY RNA POLYMERASE II%GOBP%GO:0006366	TRANSCRIPTION BY RNA POLYMERASE II%GOBP%GO:0006366		15	0.47889405	1.2061878	0.25027934	0.28218764	1.0	264	tags=47%, list=27%, signal=63%	
VESICLE-MEDIATED TRANSPORT%GOBP%GO:0016192	VESICLE-MEDIATED TRANSPORT%GOBP%GO:0016192		51	0.41005856	1.204209	0.20745216	0.28456607	1.0	235	tags=35%, list=24%, signal=44%	
TISSUE DEVELOPMENT%GOBP%GO:0009888	TISSUE DEVELOPMENT%GOBP%GO:0009888		75	0.40320766	1.1995742	0.16482411	0.2908113	1.0	292	tags=40%, list=30%, signal=53%	
CELL-CELL JUNCTION ORGANIZATION%REACTOME DATABASE ID RELEASE 93%421270	CELL-CELL JUNCTION ORGANIZATION%REACTOME DATABASE ID RELEASE 93%421270		15	0.485278	1.198406	0.2616408	0.29200858	1.0	326	tags=47%, list=34%, signal=69%	
ANATOMICAL STRUCTURE FORMATION INVOLVED IN MORPHOGENESIS%GOBP%GO:0048646	ANATOMICAL STRUCTURE FORMATION INVOLVED IN MORPHOGENESIS%GOBP%GO:0048646		48	0.42141524	1.1978364	0.21248741	0.29233098	1.0	281	tags=40%, list=29%, signal=53%	
NEGATIVE REGULATION OF MAPK CASCADE%GOBP%GO:0043409	NEGATIVE REGULATION OF MAPK CASCADE%GOBP%GO:0043409		18	0.46171665	1.1965592	0.25553098	0.29366863	1.0	263	tags=44%, list=27%, signal=60%	
RESPONSE TO ENDOPLASMIC RETICULUM STRESS%GOBP%GO:0034976	RESPONSE TO ENDOPLASMIC RETICULUM STRESS%GOBP%GO:0034976		19	0.46696207	1.19547	0.24754634	0.29492894	1.0	275	tags=53%, list=28%, signal=72%	
DIRECT P53 EFFECTORS%PATHWAY INTERACTION DATABASE NCI-NATURE CURATED DATA%DIRECT P53 EFFECTORS	DIRECT P53 EFFECTORS%PATHWAY INTERACTION DATABASE NCI-NATURE CURATED DATA%DIRECT P53 EFFECTORS		25	0.44389293	1.1859268	0.25340313	0.30912453	1.0	395	tags=60%, list=41%, signal=99%	
PLASMA MEMBRANE BOUNDED CELL PROJECTION ORGANIZATION%GOBP%GO:0120036	PLASMA MEMBRANE BOUNDED CELL PROJECTION ORGANIZATION%GOBP%GO:0120036		40	0.4111156	1.1852689	0.24539877	0.30946702	1.0	345	tags=45%, list=36%, signal=67%	
CELLULAR RESPONSE TO HORMONE STIMULUS%GOBP%GO:0032870	CELLULAR RESPONSE TO HORMONE STIMULUS%GOBP%GO:0032870		37	0.42083442	1.1827012	0.2515275	0.31284314	1.0	296	tags=43%, list=31%, signal=60%	
INTRACELLULAR TRANSPORT%GOBP%GO:0046907	INTRACELLULAR TRANSPORT%GOBP%GO:0046907		22	0.4457947	1.1815588	0.2571732	0.31409663	1.0	208	tags=41%, list=22%, signal=51%	
METAL ION TRANSPORT%GOBP%GO:0030001	METAL ION TRANSPORT%GOBP%GO:0030001		28	0.43250197	1.1804006	0.26666668	0.315382	1.0	277	tags=39%, list=29%, signal=54%	
PID_P53_DOWNSTREAM_PATHWAY%MSIGDB_C2%PID_P53_DOWNSTREAM_PATHWAY	PID_P53_DOWNSTREAM_PATHWAY%MSIGDB_C2%PID_P53_DOWNSTREAM_PATHWAY		20	0.4494402	1.176978	0.28152174	0.320059	1.0	263	tags=40%, list=27%, signal=54%	
REGULATION OF AUTOPHAGY%GOBP%GO:0010506	REGULATION OF AUTOPHAGY%GOBP%GO:0010506		17	0.4697926	1.1760347	0.27455357	0.3209696	1.0	300	tags=47%, list=31%, signal=67%	
VASCULAR PROCESS IN CIRCULATORY SYSTEM%GOBP%GO:0003018	VASCULAR PROCESS IN CIRCULATORY SYSTEM%GOBP%GO:0003018		22	0.4435711	1.1642452	0.2597826	0.33930495	1.0	183	tags=32%, list=19%, signal=38%	
PROTEIN UBIQUITINATION%GOBP%GO:0016567	PROTEIN UBIQUITINATION%GOBP%GO:0016567		17	0.45577684	1.1627089	0.28213507	0.34129617	1.0	26	tags=12%, list=3%, signal=12%	
ANATOMICAL STRUCTURE MORPHOGENESIS%GOBP%GO:0009653	ANATOMICAL STRUCTURE MORPHOGENESIS%GOBP%GO:0009653		99	0.3844625	1.162049	0.184	0.34179533	1.0	292	tags=33%, list=30%, signal=43%	
MACROMOLECULE CATABOLIC PROCESS%GOBP%GO:0009057	MACROMOLECULE CATABOLIC PROCESS%GOBP%GO:0009057		42	0.40888977	1.1610694	0.26241136	0.34287012	1.0	333	tags=52%, list=35%, signal=76%	
CELL JUNCTION ORGANIZATION%REACTOME DATABASE ID RELEASE 93%446728	CELL JUNCTION ORGANIZATION%REACTOME DATABASE ID RELEASE 93%446728		18	0.45671833	1.1601055	0.28696606	0.34384328	1.0	326	tags=44%, list=34%, signal=66%	
PROTEIN MODIFICATION PROCESS%GOBP%GO:0036211	PROTEIN MODIFICATION PROCESS%GOBP%GO:0036211		67	0.3902322	1.1566746	0.22914574	0.34883195	1.0	294	tags=43%, list=30%, signal=58%	
CIRCULATORY SYSTEM DEVELOPMENT%GOBP%GO:0072359	CIRCULATORY SYSTEM DEVELOPMENT%GOBP%GO:0072359		37	0.41007376	1.1562365	0.2728205	0.34896368	1.0	285	tags=38%, list=30%, signal=52%	
PROTEIN PHOSPHORYLATION%GOBP%GO:0006468	PROTEIN PHOSPHORYLATION%GOBP%GO:0006468		27	0.42296273	1.1552396	0.28721175	0.34997165	1.0	274	tags=48%, list=28%, signal=65%	
REPRODUCTIVE PROCESS%GOBP%GO:0022414	REPRODUCTIVE PROCESS%GOBP%GO:0022414		35	0.4179087	1.1536611	0.27639753	0.35197088	1.0	268	tags=37%, list=28%, signal=50%	
PHOSPHORYLATION%GOBP%GO:0016310	PHOSPHORYLATION%GOBP%GO:0016310		27	0.42296273	1.1510297	0.2899471	0.35573345	1.0	274	tags=48%, list=28%, signal=65%	
NUCLEOBASE-CONTAINING COMPOUND CATABOLIC PROCESS%GOBP%GO:0034655	NUCLEOBASE-CONTAINING COMPOUND CATABOLIC PROCESS%GOBP%GO:0034655		19	0.44741678	1.1509285	0.29562435	0.35531637	1.0	295	tags=47%, list=31%, signal=67%	
RESPONSE TO PEPTIDE HORMONE%GOBP%GO:0043434	RESPONSE TO PEPTIDE HORMONE%GOBP%GO:0043434		27	0.42064896	1.1491662	0.28541225	0.35770398	1.0	119	tags=22%, list=12%, signal=25%	
LYMPHOCYTE DIFFERENTIATION%GOBP%GO:0030098	LYMPHOCYTE DIFFERENTIATION%GOBP%GO:0030098		25	0.42655224	1.1478472	0.29935622	0.35941833	1.0	300	tags=40%, list=31%, signal=57%	
CELL-CELL COMMUNICATION%REACTOME DATABASE ID RELEASE 93%1500931	CELL-CELL COMMUNICATION%REACTOME DATABASE ID RELEASE 93%1500931		19	0.44251546	1.1470965	0.29791895	0.36006483	1.0	326	tags=42%, list=34%, signal=62%	
PROTEIN METABOLIC PROCESS%GOBP%GO:0019538	PROTEIN METABOLIC PROCESS%GOBP%GO:0019538		122	0.3755481	1.1452568	0.218	0.36249447	1.0	297	tags=42%, list=31%, signal=53%	
B CELL ACTIVATION%GOBP%GO:0042113	B CELL ACTIVATION%GOBP%GO:0042113		17	0.45122984	1.1399649	0.3070078	0.37115753	1.0	20	tags=12%, list=2%, signal=12%	
CELLULAR RESPONSE TO PEPTIDE HORMONE STIMULUS%GOBP%GO:0071375	CELLULAR RESPONSE TO PEPTIDE HORMONE STIMULUS%GOBP%GO:0071375		21	0.43359676	1.1389378	0.3094984	0.37225327	1.0	119	tags=24%, list=12%, signal=27%	
SIGNAL TRANSDUCTION IN RESPONSE TO DNA DAMAGE%GOBP%GO:0042770	SIGNAL TRANSDUCTION IN RESPONSE TO DNA DAMAGE%GOBP%GO:0042770		15	0.46504295	1.1363415	0.31938326	0.37603143	1.0	235	tags=33%, list=24%, signal=43%	
REGULATION OF MONOATOMIC CATION TRANSMEMBRANE TRANSPORT%GOBP%GO:1904062	REGULATION OF MONOATOMIC CATION TRANSMEMBRANE TRANSPORT%GOBP%GO:1904062		15	0.46597412	1.1354367	0.32211	0.37701428	1.0	174	tags=33%, list=18%, signal=40%	
METABOLISM OF LIPIDS%REACTOME%R-HSA-556833.9	METABOLISM OF LIPIDS%REACTOME%R-HSA-556833.9		44	0.3917795	1.1294504	0.29501525	0.38672134	1.0	385	tags=55%, list=40%, signal=87%	
REGULATION OF CELL GROWTH%GOBP%GO:0001558	REGULATION OF CELL GROWTH%GOBP%GO:0001558		22	0.42199883	1.1145061	0.34777898	0.4119013	1.0	278	tags=45%, list=29%, signal=62%	
PURINE NUCLEOTIDE METABOLIC PROCESS%GOBP%GO:0006163	PURINE NUCLEOTIDE METABOLIC PROCESS%GOBP%GO:0006163		16	0.45125037	1.1098087	0.36644593	0.4193918	1.0	303	tags=56%, list=31%, signal=81%	
POSITIVE REGULATION OF SECRETION%GOBP%GO:0051047	POSITIVE REGULATION OF SECRETION%GOBP%GO:0051047		21	0.4246176	1.1085646	0.35238096	0.4209263	1.0	323	tags=52%, list=33%, signal=77%	
PROTEIN MODIFICATION BY SMALL PROTEIN CONJUGATION%GOBP%GO:0032446	PROTEIN MODIFICATION BY SMALL PROTEIN CONJUGATION%GOBP%GO:0032446		22	0.41042188	1.1078702	0.35123524	0.42148852	1.0	174	tags=27%, list=18%, signal=33%	
NUCLEOTIDE METABOLIC PROCESS%GOBP%GO:0009117	NUCLEOTIDE METABOLIC PROCESS%GOBP%GO:0009117		20	0.4313901	1.1078237	0.34983853	0.42087922	1.0	303	tags=55%, list=31%, signal=79%	
REGULATION OF ENDOCYTOSIS%GOBP%GO:0030100	REGULATION OF ENDOCYTOSIS%GOBP%GO:0030100		22	0.41642737	1.1061592	0.34726688	0.42321208	1.0	224	tags=36%, list=23%, signal=46%	
CELL PROJECTION ORGANIZATION%GOBP%GO:0030030	CELL PROJECTION ORGANIZATION%GOBP%GO:0030030		42	0.3841934	1.1037257	0.33912155	0.4268823	1.0	345	tags=43%, list=36%, signal=64%	
NUCLEOSIDE PHOSPHATE BIOSYNTHETIC PROCESS%GOBP%GO:1901293	NUCLEOSIDE PHOSPHATE BIOSYNTHETIC PROCESS%GOBP%GO:1901293		15	0.4470311	1.1005291	0.36818686	0.43194774	1.0	396	tags=73%, list=41%, signal=122%	
MACROMOLECULE MODIFICATION%GOBP%GO:0043412	MACROMOLECULE MODIFICATION%GOBP%GO:0043412		72	0.3711018	1.0936975	0.33366734	0.44347125	1.0	294	tags=42%, list=30%, signal=55%	
DISEASES OF SIGNAL TRANSDUCTION BY GROWTH FACTOR RECEPTORS AND SECOND MESSENGERS%REACTOME DATABASE ID RELEASE 93%5663202	DISEASES OF SIGNAL TRANSDUCTION BY GROWTH FACTOR RECEPTORS AND SECOND MESSENGERS%REACTOME DATABASE ID RELEASE 93%5663202		36	0.382564	1.0917047	0.35470527	0.44628435	1.0	300	tags=39%, list=31%, signal=54%	
ENDOMEMBRANE SYSTEM ORGANIZATION%GOBP%GO:0010256	ENDOMEMBRANE SYSTEM ORGANIZATION%GOBP%GO:0010256		16	0.42993498	1.0906832	0.3899782	0.4474514	1.0	387	tags=69%, list=40%, signal=113%	
ORGANOPHOSPHATE BIOSYNTHETIC PROCESS%GOBP%GO:0090407	ORGANOPHOSPHATE BIOSYNTHETIC PROCESS%GOBP%GO:0090407		24	0.40788844	1.0904547	0.36875665	0.4471223	1.0	363	tags=63%, list=38%, signal=98%	
LIPID TRANSPORT%GOBP%GO:0006869	LIPID TRANSPORT%GOBP%GO:0006869		15	0.43622607	1.0832089	0.38208616	0.45927206	1.0	441	tags=80%, list=46%, signal=145%	
REGULATION OF MONOATOMIC ION TRANSMEMBRANE TRANSPORT%GOBP%GO:0034765	REGULATION OF MONOATOMIC ION TRANSMEMBRANE TRANSPORT%GOBP%GO:0034765		18	0.42501608	1.0819193	0.38554215	0.46078807	1.0	174	tags=28%, list=18%, signal=33%	
PHOSPHATE-CONTAINING COMPOUND METABOLIC PROCESS%GOBP%GO:0006796	PHOSPHATE-CONTAINING COMPOUND METABOLIC PROCESS%GOBP%GO:0006796		83	0.36139914	1.0806733	0.34234235	0.46231532	1.0	310	tags=46%, list=32%, signal=62%	
CELL MORPHOGENESIS INVOLVED IN NEURON DIFFERENTIATION%GOBP%GO:0048667	CELL MORPHOGENESIS INVOLVED IN NEURON DIFFERENTIATION%GOBP%GO:0048667		15	0.44185758	1.0797019	0.378198	0.46333125	1.0	175	tags=27%, list=18%, signal=32%	
METABOLISM%REACTOME%R-HSA-1430728.14	METABOLISM%REACTOME%R-HSA-1430728.14		105	0.35451898	1.0793264	0.34034035	0.46328476	1.0	385	tags=51%, list=40%, signal=76%	
BRAIN DEVELOPMENT%GOBP%GO:0007420	BRAIN DEVELOPMENT%GOBP%GO:0007420		22	0.41059938	1.0781935	0.40126717	0.464559	1.0	276	tags=36%, list=29%, signal=50%	
LOCALIZATION%GOBP%GO:0051179	LOCALIZATION%GOBP%GO:0051179		183	0.34758598	1.075935	0.305	0.46797836	1.0	238	tags=26%, list=25%, signal=28%	
REGULATION OF VESICLE-MEDIATED TRANSPORT%GOBP%GO:0060627	REGULATION OF VESICLE-MEDIATED TRANSPORT%GOBP%GO:0060627		31	0.38789043	1.0735158	0.40354535	0.47158942	1.0	235	tags=35%, list=24%, signal=45%	
NEGATIVE REGULATION OF PROTEIN METABOLIC PROCESS%GOBP%GO:0051248	NEGATIVE REGULATION OF PROTEIN METABOLIC PROCESS%GOBP%GO:0051248		40	0.37460467	1.0713339	0.40122825	0.474546	1.0	314	tags=45%, list=33%, signal=64%	
PHOSPHORUS METABOLIC PROCESS%GOBP%GO:0006793	PHOSPHORUS METABOLIC PROCESS%GOBP%GO:0006793		83	0.36139914	1.0691202	0.3863864	0.47789413	1.0	310	tags=46%, list=32%, signal=62%	
HEART DEVELOPMENT%GOBP%GO:0007507	HEART DEVELOPMENT%GOBP%GO:0007507		15	0.43810472	1.066282	0.39597315	0.482148	1.0	149	tags=27%, list=15%, signal=31%	
NEURON PROJECTION MORPHOGENESIS%GOBP%GO:0048812	NEURON PROJECTION MORPHOGENESIS%GOBP%GO:0048812		16	0.42899966	1.0661187	0.39213485	0.48169503	1.0	175	tags=25%, list=18%, signal=30%	
NEGATIVE REGULATION OF TRANSPORT%GOBP%GO:0051051	NEGATIVE REGULATION OF TRANSPORT%GOBP%GO:0051051		26	0.39630237	1.0646461	0.4043659	0.48372182	1.0	354	tags=46%, list=37%, signal=71%	
EMBRYONIC MORPHOGENESIS%GOBP%GO:0048598	EMBRYONIC MORPHOGENESIS%GOBP%GO:0048598		23	0.39951047	1.0585964	0.4187035	0.49408156	1.0	281	tags=43%, list=29%, signal=60%	
PLASMA MEMBRANE BOUNDED CELL PROJECTION MORPHOGENESIS%GOBP%GO:0120039	PLASMA MEMBRANE BOUNDED CELL PROJECTION MORPHOGENESIS%GOBP%GO:0120039		16	0.42899966	1.0580089	0.42070484	0.49435136	1.0	175	tags=25%, list=18%, signal=30%	
LIPID LOCALIZATION%GOBP%GO:0010876	LIPID LOCALIZATION%GOBP%GO:0010876		15	0.43622607	1.0533156	0.42572063	0.502221	1.0	441	tags=80%, list=46%, signal=145%	
SUPRAMOLECULAR FIBER ORGANIZATION%GOBP%GO:0097435	SUPRAMOLECULAR FIBER ORGANIZATION%GOBP%GO:0097435		31	0.38398328	1.0511374	0.42039543	0.5055068	1.0	157	tags=23%, list=16%, signal=26%	
DEVELOPMENTAL PROCESS INVOLVED IN REPRODUCTION%GOBP%GO:0003006	DEVELOPMENTAL PROCESS INVOLVED IN REPRODUCTION%GOBP%GO:0003006		21	0.4046543	1.0497863	0.40258342	0.5072309	1.0	268	tags=38%, list=28%, signal=52%	
HEAD DEVELOPMENT%GOBP%GO:0060322	HEAD DEVELOPMENT%GOBP%GO:0060322		23	0.388997	1.0402257	0.42417815	0.5239278	1.0	276	tags=35%, list=29%, signal=48%	
REGULATION OF CELLULAR COMPONENT SIZE%GOBP%GO:0032535	REGULATION OF CELLULAR COMPONENT SIZE%GOBP%GO:0032535		16	0.41475397	1.0396116	0.43924192	0.52425665	1.0	205	tags=31%, list=21%, signal=39%	
HEMOSTASIS%REACTOME DATABASE ID RELEASE 93%109582	HEMOSTASIS%REACTOME DATABASE ID RELEASE 93%109582		38	0.3651207	1.0376868	0.4359756	0.52685153	1.0	469	tags=68%, list=49%, signal=128%	
LIPID BIOSYNTHETIC PROCESS%GOBP%GO:0008610	LIPID BIOSYNTHETIC PROCESS%GOBP%GO:0008610		32	0.37520015	1.0376656	0.43899897	0.526061	1.0	385	tags=59%, list=40%, signal=96%	
RESPONSE TO NUTRIENT LEVELS%GOBP%GO:0031667	RESPONSE TO NUTRIENT LEVELS%GOBP%GO:0031667		19	0.39914382	1.0373775	0.45327604	0.52575594	1.0	96	tags=21%, list=10%, signal=23%	
POSITIVE REGULATION OF SECRETION BY CELL%GOBP%GO:1903532	POSITIVE REGULATION OF SECRETION BY CELL%GOBP%GO:1903532		20	0.39831287	1.0359651	0.45182014	0.52750766	1.0	323	tags=50%, list=33%, signal=74%	
PROTEIN TRANSPORT%GOBP%GO:0015031	PROTEIN TRANSPORT%GOBP%GO:0015031		16	0.40596357	1.0356226	0.44456762	0.5273269	1.0	365	tags=63%, list=38%, signal=99%	
TISSUE MORPHOGENESIS%GOBP%GO:0048729	TISSUE MORPHOGENESIS%GOBP%GO:0048729		24	0.38385218	1.0314815	0.4345048	0.53426075	1.0	323	tags=42%, list=33%, signal=61%	
REGULATION OF PROTEOLYSIS INVOLVED IN PROTEIN CATABOLIC PROCESS%GOBP%GO:1903050	REGULATION OF PROTEOLYSIS INVOLVED IN PROTEIN CATABOLIC PROCESS%GOBP%GO:1903050		15	0.4153058	1.0313909	0.4671126	0.5335866	1.0	314	tags=47%, list=33%, signal=68%	
CARBOHYDRATE DERIVATIVE METABOLIC PROCESS%GOBP%GO:1901135	CARBOHYDRATE DERIVATIVE METABOLIC PROCESS%GOBP%GO:1901135		47	0.35683924	1.0307835	0.44186047	0.5339062	1.0	357	tags=51%, list=37%, signal=77%	
MONOATOMIC CATION TRANSPORT%GOBP%GO:0006812	MONOATOMIC CATION TRANSPORT%GOBP%GO:0006812		32	0.3719463	1.0260333	0.46161824	0.5417802	1.0	277	tags=34%, list=29%, signal=47%	
SIGNALING BY NOTCH%REACTOME DATABASE ID RELEASE 93%157118	SIGNALING BY NOTCH%REACTOME DATABASE ID RELEASE 93%157118		15	0.41429594	1.0212996	0.445977	0.54946977	1.0	132	tags=27%, list=14%, signal=30%	
PURINE-CONTAINING COMPOUND METABOLIC PROCESS%GOBP%GO:0072521	PURINE-CONTAINING COMPOUND METABOLIC PROCESS%GOBP%GO:0072521		24	0.37648296	1.0049576	0.48565355	0.5786872	1.0	363	tags=58%, list=38%, signal=91%	
POSITIVE REGULATION OF CELL PROJECTION ORGANIZATION%GOBP%GO:0031346	POSITIVE REGULATION OF CELL PROJECTION ORGANIZATION%GOBP%GO:0031346		20	0.38131452	1.004815	0.46723044	0.57804316	1.0	416	tags=65%, list=43%, signal=112%	
ENDOCYTOSIS%GOBP%GO:0006897	ENDOCYTOSIS%GOBP%GO:0006897		27	0.36907792	1.0042336	0.49267784	0.5782003	1.0	462	tags=70%, list=48%, signal=131%	
FOCAL ADHESION%WIKIPATHWAYS_20250810%WP306%HOMO SAPIENS	FOCAL ADHESION%WIKIPATHWAYS_20250810%WP306%HOMO SAPIENS		15	0.41364002	1.002643	0.4994463	0.5801509	1.0	419	tags=67%, list=43%, signal=116%	
REGULATION OF GROWTH%GOBP%GO:0040008	REGULATION OF GROWTH%GOBP%GO:0040008		29	0.36578703	1.0008866	0.48066875	0.5825932	1.0	278	tags=38%, list=29%, signal=52%	
NITROGEN COMPOUND TRANSPORT%GOBP%GO:0071705	NITROGEN COMPOUND TRANSPORT%GOBP%GO:0071705		40	0.34923813	1.0001616	0.5066394	0.58306736	1.0	232	tags=30%, list=24%, signal=38%	
MIR TARGETED GENES IN LYMPHOCYTES%WIKIPATHWAYS_20250810%WP2004%HOMO SAPIENS	MIR TARGETED GENES IN LYMPHOCYTES%WIKIPATHWAYS_20250810%WP2004%HOMO SAPIENS		16	0.39215538	0.9911427	0.5270121	0.5988688	1.0	307	tags=50%, list=32%, signal=72%	
REGULATION OF CYTOPLASMIC PATTERN RECOGNITION RECEPTOR SIGNALING PATHWAY%GOBP%GO:0039531	REGULATION OF CYTOPLASMIC PATTERN RECOGNITION RECEPTOR SIGNALING PATHWAY%GOBP%GO:0039531		16	0.39249536	0.99095356	0.49386844	0.5983019	1.0	327	tags=56%, list=34%, signal=84%	
ORGANELLE ORGANIZATION%GOBP%GO:0006996	ORGANELLE ORGANIZATION%GOBP%GO:0006996		114	0.3278841	0.9886444	0.5155155	0.60149765	1.0	283	tags=33%, list=29%, signal=42%	
MEMBRANE ORGANIZATION%GOBP%GO:0061024	MEMBRANE ORGANIZATION%GOBP%GO:0061024		22	0.3791701	0.9874839	0.51654214	0.60272765	1.0	464	tags=82%, list=48%, signal=154%	
CYTOSKELETON ORGANIZATION%GOBP%GO:0007010	CYTOSKELETON ORGANIZATION%GOBP%GO:0007010		62	0.33517432	0.98360366	0.5135406	0.60896176	1.0	157	tags=21%, list=16%, signal=23%	
INORGANIC CATION TRANSMEMBRANE TRANSPORT%GOBP%GO:0098662	INORGANIC CATION TRANSMEMBRANE TRANSPORT%GOBP%GO:0098662		26	0.36448708	0.9782671	0.5194124	0.61792165	1.0	262	tags=35%, list=27%, signal=46%	
MONOATOMIC ION TRANSPORT%GOBP%GO:0006811	MONOATOMIC ION TRANSPORT%GOBP%GO:0006811		36	0.34898338	0.9750426	0.539959	0.6226971	1.0	277	tags=31%, list=29%, signal=41%	
CELL MORPHOGENESIS%GOBP%GO:0000902	CELL MORPHOGENESIS%GOBP%GO:0000902		23	0.36390525	0.9749436	0.52587116	0.6219381	1.0	175	tags=22%, list=18%, signal=26%	
NUCLEOSIDE PHOSPHATE METABOLIC PROCESS%GOBP%GO:0006753	NUCLEOSIDE PHOSPHATE METABOLIC PROCESS%GOBP%GO:0006753		29	0.3531088	0.974226	0.53485954	0.6222603	1.0	310	tags=48%, list=32%, signal=69%	
TRANSCRIPTIONAL REGULATION BY RUNX1%REACTOME DATABASE ID RELEASE 93%8878171	TRANSCRIPTIONAL REGULATION BY RUNX1%REACTOME DATABASE ID RELEASE 93%8878171		15	0.3932517	0.97409916	0.5297419	0.6215562	1.0	410	tags=60%, list=42%, signal=103%	
ESTABLISHMENT OF LOCALIZATION IN CELL%GOBP%GO:0051649	ESTABLISHMENT OF LOCALIZATION IN CELL%GOBP%GO:0051649		37	0.34904772	0.97134167	0.52443993	0.6253668	1.0	331	tags=46%, list=34%, signal=67%	
PI3K AKT SIGNALING%REACTOME DATABASE ID RELEASE 93%1257604	PI3K AKT SIGNALING%REACTOME DATABASE ID RELEASE 93%1257604		17	0.38599598	0.96891576	0.5427303	0.6287689	1.0	384	tags=59%, list=40%, signal=96%	
CARBOHYDRATE METABOLISM%REACTOME DATABASE ID RELEASE 93%71387	CARBOHYDRATE METABOLISM%REACTOME DATABASE ID RELEASE 93%71387		19	0.37679455	0.9687595	0.5401929	0.62807727	1.0	297	tags=47%, list=31%, signal=67%	
CARBOHYDRATE DERIVATIVE BIOSYNTHETIC PROCESS%GOBP%GO:1901137	CARBOHYDRATE DERIVATIVE BIOSYNTHETIC PROCESS%GOBP%GO:1901137		28	0.36270466	0.96712387	0.5349322	0.6300874	1.0	396	tags=61%, list=41%, signal=100%	
SIGNALING BY RECEPTOR TYROSINE KINASES%REACTOME%R-HSA-9006934.8	SIGNALING BY RECEPTOR TYROSINE KINASES%REACTOME%R-HSA-9006934.8		45	0.33613017	0.9644794	0.5659229	0.6337831	1.0	493	tags=69%, list=51%, signal=134%	
LIPID METABOLIC PROCESS%GOBP%GO:0006629	LIPID METABOLIC PROCESS%GOBP%GO:0006629		50	0.33132288	0.9638761	0.57459676	0.633885	1.0	173	tags=24%, list=18%, signal=28%	
REGULATION OF TRANSMEMBRANE TRANSPORT%GOBP%GO:0034762	REGULATION OF TRANSMEMBRANE TRANSPORT%GOBP%GO:0034762		29	0.35319355	0.9629944	0.5375	0.6344623	1.0	174	tags=24%, list=18%, signal=29%	
ACTIN CYTOSKELETON ORGANIZATION%GOBP%GO:0030036	ACTIN CYTOSKELETON ORGANIZATION%GOBP%GO:0030036		38	0.34046948	0.96040416	0.5457348	0.63801277	1.0	157	tags=21%, list=16%, signal=24%	
CELL PROJECTION MORPHOGENESIS%GOBP%GO:0048858	CELL PROJECTION MORPHOGENESIS%GOBP%GO:0048858		17	0.38618022	0.9587511	0.52307695	0.6398706	1.0	175	tags=24%, list=18%, signal=28%	
INORGANIC ION TRANSMEMBRANE TRANSPORT%GOBP%GO:0098660	INORGANIC ION TRANSMEMBRANE TRANSPORT%GOBP%GO:0098660		28	0.35403565	0.95835817	0.5705329	0.63959026	1.0	262	tags=32%, list=27%, signal=43%	
SEXUAL REPRODUCTION%GOBP%GO:0019953	SEXUAL REPRODUCTION%GOBP%GO:0019953		19	0.3727713	0.95702153	0.5550709	0.6410152	1.0	92	tags=16%, list=10%, signal=17%	
EGFR1%NETPATH%EGFR1	EGFR1%NETPATH%EGFR1		26	0.34838894	0.9542423	0.54756874	0.6448733	1.0	402	tags=62%, list=42%, signal=103%	
MICROTUBULE-BASED PROCESS%GOBP%GO:0007017	MICROTUBULE-BASED PROCESS%GOBP%GO:0007017		22	0.36547646	0.9461244	0.5590129	0.657997	1.0	274	tags=41%, list=28%, signal=56%	
NEGATIVE REGULATION OF PHOSPHORUS METABOLIC PROCESS%GOBP%GO:0010563	NEGATIVE REGULATION OF PHOSPHORUS METABOLIC PROCESS%GOBP%GO:0010563		16	0.3795604	0.946114	0.55431134	0.6570389	1.0	381	tags=56%, list=39%, signal=91%	
EGFR1%IOB%EGFR1	EGFR1%IOB%EGFR1		28	0.34853426	0.94598585	0.5540399	0.6562805	1.0	402	tags=61%, list=42%, signal=101%	
GLYCOPROTEIN METABOLIC PROCESS%GOBP%GO:0009100	GLYCOPROTEIN METABOLIC PROCESS%GOBP%GO:0009100		22	0.3561293	0.9435378	0.5588547	0.65954715	1.0	355	tags=55%, list=37%, signal=84%	
REGULATION OF ACTIN FILAMENT-BASED PROCESS%GOBP%GO:0032970	REGULATION OF ACTIN FILAMENT-BASED PROCESS%GOBP%GO:0032970		26	0.35430548	0.9432894	0.5768025	0.6591	1.0	337	tags=42%, list=35%, signal=63%	
NUCLEOBASE-CONTAINING SMALL MOLECULE METABOLIC PROCESS%GOBP%GO:0055086	NUCLEOBASE-CONTAINING SMALL MOLECULE METABOLIC PROCESS%GOBP%GO:0055086		30	0.3409217	0.9414166	0.5679916	0.661238	1.0	424	tags=63%, list=44%, signal=109%	
PROTEASOMAL PROTEIN CATABOLIC PROCESS%GOBP%GO:0010498	PROTEASOMAL PROTEIN CATABOLIC PROCESS%GOBP%GO:0010498		17	0.3786607	0.93940467	0.5672131	0.66359556	1.0	333	tags=53%, list=35%, signal=79%	
NEGATIVE REGULATION OF PHOSPHATE METABOLIC PROCESS%GOBP%GO:0045936	NEGATIVE REGULATION OF PHOSPHATE METABOLIC PROCESS%GOBP%GO:0045936		16	0.3795604	0.93892723	0.572536	0.66335326	1.0	381	tags=56%, list=39%, signal=91%	
TRANSPORT%GOBP%GO:0006810	TRANSPORT%GOBP%GO:0006810		141	0.30344114	0.93785816	0.665	0.6641735	1.0	277	tags=30%, list=29%, signal=37%	
MONOATOMIC CATION TRANSMEMBRANE TRANSPORT%GOBP%GO:0098655	MONOATOMIC CATION TRANSMEMBRANE TRANSPORT%GOBP%GO:0098655		25	0.3459819	0.9333622	0.5671176	0.6709296	1.0	262	tags=32%, list=27%, signal=43%	
MIR TARGETED GENES IN MUSCLE CELL%WIKIPATHWAYS_20250810%WP2005%HOMO SAPIENS	MIR TARGETED GENES IN MUSCLE CELL%WIKIPATHWAYS_20250810%WP2005%HOMO SAPIENS		15	0.37069806	0.92224985	0.5765363	0.6882705	1.0	515	tags=80%, list=53%, signal=169%	
SIGNALING BY RHO GTPASES, MIRO GTPASES AND RHOBTB3%REACTOME%R-HSA-9716542.4	SIGNALING BY RHO GTPASES, MIRO GTPASES AND RHOBTB3%REACTOME%R-HSA-9716542.4		28	0.33375555	0.92016745	0.61024034	0.69083613	1.0	274	tags=39%, list=28%, signal=53%	
REGULATION OF ACTIN CYTOSKELETON ORGANIZATION%GOBP%GO:0032956	REGULATION OF ACTIN CYTOSKELETON ORGANIZATION%GOBP%GO:0032956		23	0.34138122	0.9201224	0.597237	0.68990797	1.0	337	tags=43%, list=35%, signal=65%	
ADENYLATE CYCLASE-ACTIVATING G PROTEIN-COUPLED RECEPTOR SIGNALING PATHWAY%GOBP%GO:0007189	ADENYLATE CYCLASE-ACTIVATING G PROTEIN-COUPLED RECEPTOR SIGNALING PATHWAY%GOBP%GO:0007189		17	0.3606968	0.9129159	0.6163175	0.700529	1.0	296	tags=35%, list=31%, signal=50%	
MONOCARBOXYLIC ACID METABOLIC PROCESS%GOBP%GO:0032787	MONOCARBOXYLIC ACID METABOLIC PROCESS%GOBP%GO:0032787		24	0.3366406	0.9091824	0.63340336	0.7056051	1.0	173	tags=25%, list=18%, signal=30%	
ORGANOPHOSPHATE METABOLIC PROCESS%GOBP%GO:0019637	ORGANOPHOSPHATE METABOLIC PROCESS%GOBP%GO:0019637		46	0.3129427	0.9044715	0.6612576	0.7120722	1.0	310	tags=43%, list=32%, signal=61%	
SIGNALING BY RHO GTPASES%REACTOME%R-HSA-194315.9	SIGNALING BY RHO GTPASES%REACTOME%R-HSA-194315.9		28	0.33375555	0.90388495	0.6109937	0.71199006	1.0	274	tags=39%, list=28%, signal=53%	
METABOLISM OF VITAMINS AND COFACTORS%REACTOME%R-HSA-196854.8	METABOLISM OF VITAMINS AND COFACTORS%REACTOME%R-HSA-196854.8		19	0.34854737	0.9017919	0.6181619	0.71428335	1.0	188	tags=21%, list=19%, signal=26%	
POSITIVE REGULATION OF CYTOSOLIC CALCIUM ION CONCENTRATION%GOBP%GO:0007204	POSITIVE REGULATION OF CYTOSOLIC CALCIUM ION CONCENTRATION%GOBP%GO:0007204		17	0.35337985	0.90162057	0.6258134	0.71353537	1.0	417	tags=59%, list=43%, signal=102%	
FOCAL ADHESION PI3K AKT MTOR SIGNALING%WIKIPATHWAYS_20250810%WP3932%HOMO SAPIENS	FOCAL ADHESION PI3K AKT MTOR SIGNALING%WIKIPATHWAYS_20250810%WP3932%HOMO SAPIENS		26	0.33123502	0.8996896	0.6354167	0.71559834	1.0	474	tags=65%, list=49%, signal=125%	
MEMBRANE TRAFFICKING%REACTOME%R-HSA-199991.8	MEMBRANE TRAFFICKING%REACTOME%R-HSA-199991.8		22	0.33810502	0.89847445	0.62432724	0.7163691	1.0	222	tags=32%, list=23%, signal=40%	
PROTEOLYSIS INVOLVED IN PROTEIN CATABOLIC PROCESS%GOBP%GO:0051603	PROTEOLYSIS INVOLVED IN PROTEIN CATABOLIC PROCESS%GOBP%GO:0051603		29	0.3275801	0.89736056	0.63146996	0.71707696	1.0	333	tags=48%, list=35%, signal=71%	
SMALL MOLECULE METABOLIC PROCESS%GOBP%GO:0044281	SMALL MOLECULE METABOLIC PROCESS%GOBP%GO:0044281		71	0.30173615	0.89662606	0.68875504	0.7171847	1.0	382	tags=45%, list=40%, signal=69%	
VESICLE-MEDIATED TRANSPORT%REACTOME%R-HSA-5653656.4	VESICLE-MEDIATED TRANSPORT%REACTOME%R-HSA-5653656.4		23	0.3400418	0.8963047	0.6158868	0.7166815	1.0	366	tags=48%, list=38%, signal=75%	
MONOATOMIC ION TRANSMEMBRANE TRANSPORT%GOBP%GO:0034220	MONOATOMIC ION TRANSMEMBRANE TRANSPORT%GOBP%GO:0034220		28	0.33036223	0.8959519	0.6363636	0.71618587	1.0	277	tags=32%, list=29%, signal=44%	
RESPONSE TO METAL ION%GOBP%GO:0010038	RESPONSE TO METAL ION%GOBP%GO:0010038		17	0.3556408	0.8944989	0.61878455	0.7174145	1.0	451	tags=65%, list=47%, signal=119%	
ACTIN FILAMENT-BASED PROCESS%GOBP%GO:0030029	ACTIN FILAMENT-BASED PROCESS%GOBP%GO:0030029		43	0.31507805	0.8917967	0.64979756	0.72061735	1.0	157	tags=19%, list=16%, signal=21%	
POSITIVE REGULATION OF SUPRAMOLECULAR FIBER ORGANIZATION%GOBP%GO:1902905	POSITIVE REGULATION OF SUPRAMOLECULAR FIBER ORGANIZATION%GOBP%GO:1902905		15	0.35535255	0.88689846	0.6265329	0.7272399	1.0	337	tags=47%, list=35%, signal=71%	
MICROTUBULE CYTOSKELETON ORGANIZATION%GOBP%GO:0000226	MICROTUBULE CYTOSKELETON ORGANIZATION%GOBP%GO:0000226		19	0.3449205	0.8863745	0.65763813	0.72701067	1.0	274	tags=37%, list=28%, signal=50%	
REGULATION OF CYTOSKELETON ORGANIZATION%GOBP%GO:0051493	REGULATION OF CYTOSKELETON ORGANIZATION%GOBP%GO:0051493		31	0.32265496	0.8857854	0.67331934	0.7268629	1.0	305	tags=39%, list=32%, signal=55%	
HALLMARK_ESTROGEN_RESPONSE_EARLY%MSIGDBHALLMARK%HALLMARK_ESTROGEN_RESPONSE_EARLY	HALLMARK_ESTROGEN_RESPONSE_EARLY%MSIGDBHALLMARK%HALLMARK_ESTROGEN_RESPONSE_EARLY		23	0.33467415	0.88386863	0.6479167	0.72874504	1.0	451	tags=57%, list=47%, signal=104%	
TRANSMEMBRANE TRANSPORT%GOBP%GO:0055085	TRANSMEMBRANE TRANSPORT%GOBP%GO:0055085		47	0.30105802	0.8821094	0.69137055	0.7304091	1.0	277	tags=30%, list=29%, signal=40%	
MORPHOGENESIS OF AN EPITHELIUM%GOBP%GO:0002009	MORPHOGENESIS OF AN EPITHELIUM%GOBP%GO:0002009		18	0.34247214	0.88135594	0.6304348	0.7305096	1.0	292	tags=33%, list=30%, signal=47%	
ADENYLATE CYCLASE-MODULATING G PROTEIN-COUPLED RECEPTOR SIGNALING PATHWAY%GOBP%GO:0007188	ADENYLATE CYCLASE-MODULATING G PROTEIN-COUPLED RECEPTOR SIGNALING PATHWAY%GOBP%GO:0007188		23	0.33540207	0.8809454	0.6409715	0.7300931	1.0	312	tags=35%, list=32%, signal=50%	
REGULATION OF NEURON PROJECTION DEVELOPMENT%GOBP%GO:0010975	REGULATION OF NEURON PROJECTION DEVELOPMENT%GOBP%GO:0010975		26	0.32773414	0.8804329	0.64091855	0.72983783	1.0	272	tags=38%, list=28%, signal=52%	
ESTABLISHMENT OF LOCALIZATION%GOBP%GO:0051234	ESTABLISHMENT OF LOCALIZATION%GOBP%GO:0051234		153	0.28286225	0.8790652	0.778	0.7309706	1.0	283	tags=30%, list=29%, signal=36%	
REGULATION OF SMALL GTPASE MEDIATED SIGNAL TRANSDUCTION%GOBP%GO:0051056	REGULATION OF SMALL GTPASE MEDIATED SIGNAL TRANSDUCTION%GOBP%GO:0051056		17	0.34646985	0.87750375	0.6533333	0.7322232	1.0	272	tags=35%, list=28%, signal=48%	
PLATELET ACTIVATION, SIGNALING AND AGGREGATION%REACTOME%R-HSA-76002.5	PLATELET ACTIVATION, SIGNALING AND AGGREGATION%REACTOME%R-HSA-76002.5		16	0.3505659	0.8773595	0.65593785	0.7314263	1.0	469	tags=63%, list=49%, signal=120%	
GLYCOPROTEIN BIOSYNTHETIC PROCESS%GOBP%GO:0009101	GLYCOPROTEIN BIOSYNTHETIC PROCESS%GOBP%GO:0009101		19	0.33561376	0.87435573	0.66340935	0.7348605	1.0	355	tags=53%, list=37%, signal=82%	
REGULATION OF SUPRAMOLECULAR FIBER ORGANIZATION%GOBP%GO:1902903	REGULATION OF SUPRAMOLECULAR FIBER ORGANIZATION%GOBP%GO:1902903		21	0.33183828	0.8734	0.6479321	0.73522854	1.0	399	tags=52%, list=41%, signal=87%	
POSITIVE REGULATION OF CYTOSKELETON ORGANIZATION%GOBP%GO:0051495	POSITIVE REGULATION OF CYTOSKELETON ORGANIZATION%GOBP%GO:0051495		16	0.3492933	0.8730486	0.652793	0.7346948	1.0	399	tags=56%, list=41%, signal=94%	
SIGNALING BY NTRKS%REACTOME%R-HSA-166520.6	SIGNALING BY NTRKS%REACTOME%R-HSA-166520.6		16	0.3545028	0.870115	0.6622222	0.7380142	1.0	493	tags=75%, list=51%, signal=151%	
REGULATION OF CELL MORPHOGENESIS%GOBP%GO:0022604	REGULATION OF CELL MORPHOGENESIS%GOBP%GO:0022604		26	0.3205207	0.8697363	0.67050207	0.7375056	1.0	175	tags=23%, list=18%, signal=27%	
RHO GTPASE CYCLE%REACTOME DATABASE ID RELEASE 93%9012999	RHO GTPASE CYCLE%REACTOME DATABASE ID RELEASE 93%9012999		27	0.32013693	0.8696006	0.67153287	0.7366413	1.0	272	tags=37%, list=28%, signal=50%	
MODIFICATION-DEPENDENT PROTEIN CATABOLIC PROCESS%GOBP%GO:0019941	MODIFICATION-DEPENDENT PROTEIN CATABOLIC PROCESS%GOBP%GO:0019941		21	0.32820675	0.8656997	0.67234045	0.7411288	1.0	333	tags=52%, list=35%, signal=78%	
MODIFICATION-DEPENDENT MACROMOLECULE CATABOLIC PROCESS%GOBP%GO:0043632	MODIFICATION-DEPENDENT MACROMOLECULE CATABOLIC PROCESS%GOBP%GO:0043632		21	0.32820675	0.8656349	0.6727468	0.74019194	1.0	333	tags=52%, list=35%, signal=78%	
REGULATION OF ACTIN FILAMENT ORGANIZATION%GOBP%GO:0110053	REGULATION OF ACTIN FILAMENT ORGANIZATION%GOBP%GO:0110053		15	0.34882522	0.85933006	0.64772725	0.7479915	1.0	457	tags=60%, list=47%, signal=112%	
CATABOLIC PROCESS%GOBP%GO:0009056	CATABOLIC PROCESS%GOBP%GO:0009056		86	0.2842102	0.8553109	0.7717718	0.7526337	1.0	303	tags=35%, list=31%, signal=46%	
HALLMARK_ESTROGEN_RESPONSE_LATE%MSIGDBHALLMARK%HALLMARK_ESTROGEN_RESPONSE_LATE	HALLMARK_ESTROGEN_RESPONSE_LATE%MSIGDBHALLMARK%HALLMARK_ESTROGEN_RESPONSE_LATE		20	0.3277039	0.8551579	0.6774542	0.7518022	1.0	451	tags=60%, list=47%, signal=110%	
REGULATION OF CELL PROJECTION ASSEMBLY%GOBP%GO:0060491	REGULATION OF CELL PROJECTION ASSEMBLY%GOBP%GO:0060491		17	0.33525494	0.8548735	0.6655738	0.7511378	1.0	450	tags=65%, list=47%, signal=119%	
REGULATION OF CELLULAR RESPONSE TO GROWTH FACTOR STIMULUS%GOBP%GO:0090287	REGULATION OF CELLULAR RESPONSE TO GROWTH FACTOR STIMULUS%GOBP%GO:0090287		21	0.32620448	0.8533966	0.68568355	0.7521912	1.0	421	tags=48%, list=44%, signal=83%	
REGULATION OF MEMBRANE POTENTIAL%GOBP%GO:0042391	REGULATION OF MEMBRANE POTENTIAL%GOBP%GO:0042391		16	0.3421435	0.8516966	0.67637175	0.7535099	1.0	119	tags=19%, list=12%, signal=21%	
PROTEIN CATABOLIC PROCESS%GOBP%GO:0030163	PROTEIN CATABOLIC PROCESS%GOBP%GO:0030163		32	0.30929032	0.8499527	0.7120582	0.754854	1.0	333	tags=44%, list=35%, signal=65%	
REGULATION OF PLASMA MEMBRANE BOUNDED CELL PROJECTION ASSEMBLY%GOBP%GO:0120032	REGULATION OF PLASMA MEMBRANE BOUNDED CELL PROJECTION ASSEMBLY%GOBP%GO:0120032		17	0.33525494	0.8485396	0.6615553	0.75573575	1.0	450	tags=65%, list=47%, signal=119%	
INTRACELLULAR SIGNALING BY SECOND MESSENGERS%REACTOME DATABASE ID RELEASE 93%9006925	INTRACELLULAR SIGNALING BY SECOND MESSENGERS%REACTOME DATABASE ID RELEASE 93%9006925		18	0.32899833	0.8467685	0.67351353	0.75707644	1.0	270	tags=39%, list=28%, signal=53%	
OXOACID METABOLIC PROCESS%GOBP%GO:0043436	OXOACID METABOLIC PROCESS%GOBP%GO:0043436		37	0.29695582	0.84264374	0.7374359	0.7614653	1.0	377	tags=46%, list=39%, signal=73%	
ORGANIC ACID METABOLIC PROCESS%GOBP%GO:0006082	ORGANIC ACID METABOLIC PROCESS%GOBP%GO:0006082		37	0.29695582	0.83741444	0.71120244	0.76731014	1.0	377	tags=46%, list=39%, signal=73%	
CARBOXYLIC ACID METABOLIC PROCESS%GOBP%GO:0019752	CARBOXYLIC ACID METABOLIC PROCESS%GOBP%GO:0019752		37	0.29695582	0.8348916	0.73394495	0.76959264	1.0	377	tags=46%, list=39%, signal=73%	
SIGNALING BY NTRK1 (TRKA)%REACTOME%R-HSA-187037.4	SIGNALING BY NTRK1 (TRKA)%REACTOME%R-HSA-187037.4		15	0.33100823	0.81707346	0.7176339	0.79140514	1.0	493	tags=73%, list=51%, signal=148%	
POSITIVE REGULATION OF WNT SIGNALING PATHWAY%GOBP%GO:0030177	POSITIVE REGULATION OF WNT SIGNALING PATHWAY%GOBP%GO:0030177		15	0.3306136	0.81621325	0.7157303	0.7914005	1.0	202	tags=27%, list=21%, signal=33%	
UBIQUITIN-DEPENDENT PROTEIN CATABOLIC PROCESS%GOBP%GO:0006511	UBIQUITIN-DEPENDENT PROTEIN CATABOLIC PROCESS%GOBP%GO:0006511		20	0.30942598	0.79533845	0.7521739	0.81506294	1.0	333	tags=50%, list=35%, signal=75%	
ORGANELLE ASSEMBLY%GOBP%GO:0070925	ORGANELLE ASSEMBLY%GOBP%GO:0070925		23	0.2995514	0.79252523	0.7590618	0.81720895	1.0	332	tags=39%, list=34%, signal=58%	
PROTEOLYSIS%GOBP%GO:0006508	PROTEOLYSIS%GOBP%GO:0006508		42	0.27389023	0.77984834	0.80264497	0.830157	1.0	364	tags=45%, list=38%, signal=69%	
IMPORT INTO CELL%GOBP%GO:0098657	IMPORT INTO CELL%GOBP%GO:0098657		41	0.27489716	0.7789129	0.8040816	0.8300141	1.0	462	tags=59%, list=48%, signal=108%	
MULTICELLULAR ORGANISMAL REPRODUCTIVE PROCESS%GOBP%GO:0048609	MULTICELLULAR ORGANISMAL REPRODUCTIVE PROCESS%GOBP%GO:0048609		17	0.30700973	0.77848125	0.74115044	0.8293637	1.0	92	tags=12%, list=10%, signal=13%	
CELL SURFACE RECEPTOR PROTEIN TYROSINE KINASE SIGNALING PATHWAY%GOBP%GO:0007169	CELL SURFACE RECEPTOR PROTEIN TYROSINE KINASE SIGNALING PATHWAY%GOBP%GO:0007169		31	0.2810374	0.7689307	0.79292405	0.8384734	1.0	275	tags=32%, list=28%, signal=44%	
ESTABLISHMENT OF PROTEIN LOCALIZATION%GOBP%GO:0045184	ESTABLISHMENT OF PROTEIN LOCALIZATION%GOBP%GO:0045184		27	0.27871874	0.7598993	0.79746836	0.8469196	1.0	331	tags=41%, list=34%, signal=60%	
GLYCEROLIPID METABOLIC PROCESS%GOBP%GO:0046486	GLYCEROLIPID METABOLIC PROCESS%GOBP%GO:0046486		15	0.3055197	0.75754046	0.78054297	0.8481997	1.0	238	tags=33%, list=25%, signal=44%	
GPCRS CLASS A RHODOPSIN LIKE%WIKIPATHWAYS_20250810%WP455%HOMO SAPIENS	GPCRS CLASS A RHODOPSIN LIKE%WIKIPATHWAYS_20250810%WP455%HOMO SAPIENS		16	0.30221176	0.7564849	0.76829267	0.8481059	1.0	312	tags=44%, list=32%, signal=64%	
SLC-MEDIATED TRANSMEMBRANE TRANSPORT%REACTOME DATABASE ID RELEASE 93%425407	SLC-MEDIATED TRANSMEMBRANE TRANSPORT%REACTOME DATABASE ID RELEASE 93%425407		19	0.28670916	0.740618	0.7962555	0.862658	1.0	444	tags=53%, list=46%, signal=96%	
ENZYME-LINKED RECEPTOR PROTEIN SIGNALING PATHWAY%GOBP%GO:0007167	ENZYME-LINKED RECEPTOR PROTEIN SIGNALING PATHWAY%GOBP%GO:0007167		41	0.26105294	0.7397197	0.8408163	0.8623653	1.0	477	tags=59%, list=49%, signal=111%	
REGULATION OF WNT SIGNALING PATHWAY%GOBP%GO:0030111	REGULATION OF WNT SIGNALING PATHWAY%GOBP%GO:0030111		22	0.28352374	0.7377142	0.8207343	0.8630892	1.0	202	tags=23%, list=21%, signal=28%	
NEGATIVE REGULATION OF MOLECULAR FUNCTION%GOBP%GO:0044092	NEGATIVE REGULATION OF MOLECULAR FUNCTION%GOBP%GO:0044092		24	0.27224225	0.73112494	0.81182796	0.868138	1.0	407	tags=46%, list=42%, signal=77%	
SIGNALING BY NUCLEAR RECEPTORS%REACTOME%R-HSA-9006931.7	SIGNALING BY NUCLEAR RECEPTORS%REACTOME%R-HSA-9006931.7		18	0.28769943	0.7307656	0.7850877	0.86735624	1.0	119	tags=17%, list=12%, signal=19%	
REGULATION OF CELL PROJECTION ORGANIZATION%GOBP%GO:0031344	REGULATION OF CELL PROJECTION ORGANIZATION%GOBP%GO:0031344		43	0.24744195	0.71546066	0.8636826	0.8799635	1.0	292	tags=33%, list=30%, signal=45%	
REGULATION OF PLASMA MEMBRANE BOUNDED CELL PROJECTION ORGANIZATION%GOBP%GO:0120035	REGULATION OF PLASMA MEMBRANE BOUNDED CELL PROJECTION ORGANIZATION%GOBP%GO:0120035		43	0.24744195	0.707854	0.86740893	0.8853903	1.0	292	tags=33%, list=30%, signal=45%	
AMIDE METABOLIC PROCESS%GOBP%GO:0043603	AMIDE METABOLIC PROCESS%GOBP%GO:0043603		21	0.2690597	0.7004651	0.8286026	0.89040196	1.0	366	tags=48%, list=38%, signal=75%	
REGULATION OF CANONICAL WNT SIGNALING PATHWAY%GOBP%GO:0060828	REGULATION OF CANONICAL WNT SIGNALING PATHWAY%GOBP%GO:0060828		18	0.25300196	0.65146327	0.875969	0.92596257	1.0	79	tags=11%, list=8%, signal=12%	
IMMUNOREGULATORY INTERACTIONS BETWEEN A LYMPHOID AND A NON-LYMPHOID CELL%REACTOME%R-HSA-198933.9	IMMUNOREGULATORY INTERACTIONS BETWEEN A LYMPHOID AND A NON-LYMPHOID CELL%REACTOME%R-HSA-198933.9		18	0.25474373	0.6473432	0.8811881	0.92763644	1.0	287	tags=28%, list=30%, signal=39%	
SENSORY ORGAN DEVELOPMENT%GOBP%GO:0007423	SENSORY ORGAN DEVELOPMENT%GOBP%GO:0007423		18	0.24403323	0.63755023	0.87982357	0.932718	1.0	175	tags=17%, list=18%, signal=20%	
EXTRACELLULAR MATRIX ORGANIZATION%REACTOME%R-HSA-1474244.5	EXTRACELLULAR MATRIX ORGANIZATION%REACTOME%R-HSA-1474244.5		23	0.24101928	0.628322	0.9143469	0.9372647	1.0	549	tags=70%, list=57%, signal=158%	
AXON GUIDANCE%REACTOME%R-HSA-422475.8	AXON GUIDANCE%REACTOME%R-HSA-422475.8		18	0.24281096	0.6258075	0.8968851	0.9376119	1.0	326	tags=39%, list=34%, signal=58%	
TRANSPORT OF SMALL MOLECULES%REACTOME%R-HSA-382551.7	TRANSPORT OF SMALL MOLECULES%REACTOME%R-HSA-382551.7		37	0.21407944	0.60996294	0.92410254	0.94580704	1.0	444	tags=49%, list=46%, signal=87%	
PROTEIN MATURATION%GOBP%GO:0051604	PROTEIN MATURATION%GOBP%GO:0051604		16	0.23489663	0.59726727	0.9132369	0.9515873	1.0	451	tags=56%, list=47%, signal=104%	
CARBOXYLIC ACID TRANSPORT%GOBP%GO:0046942	CARBOXYLIC ACID TRANSPORT%GOBP%GO:0046942		18	0.22939895	0.5874813	0.9213115	0.9554582	1.0	444	tags=50%, list=46%, signal=91%	
ORGANIC ACID TRANSPORT%GOBP%GO:0015849	ORGANIC ACID TRANSPORT%GOBP%GO:0015849		18	0.22939895	0.57985866	0.9287305	0.95795786	1.0	444	tags=50%, list=46%, signal=91%	
ACTIN FILAMENT ORGANIZATION%GOBP%GO:0007015	ACTIN FILAMENT ORGANIZATION%GOBP%GO:0007015		19	0.20949595	0.53863466	0.9415584	0.97439975	1.0	487	tags=58%, list=50%, signal=115%	
ORGANIC ANION TRANSPORT%GOBP%GO:0015711	ORGANIC ANION TRANSPORT%GOBP%GO:0015711		27	0.1901055	0.53081983	0.9459173	0.97609204	1.0	444	tags=48%, list=46%, signal=87%	
REGULATION OF CELL SHAPE%GOBP%GO:0008360	REGULATION OF CELL SHAPE%GOBP%GO:0008360		15	0.21523191	0.528809	0.94754463	0.9755364	1.0	149	tags=13%, list=15%, signal=16%	
NERVOUS SYSTEM DEVELOPMENT%REACTOME%R-HSA-9675108.3	NERVOUS SYSTEM DEVELOPMENT%REACTOME%R-HSA-9675108.3		20	0.1988091	0.5238053	0.9520697	0.97595835	1.0	326	tags=35%, list=34%, signal=52%	
ORGANELLE LOCALIZATION%GOBP%GO:0051640	ORGANELLE LOCALIZATION%GOBP%GO:0051640		15	0.195868	0.48263264	0.9751412	0.9869466	1.0	305	tags=33%, list=32%, signal=48%	
DISEASES OF METABOLISM%REACTOME DATABASE ID RELEASE 93%5668914	DISEASES OF METABOLISM%REACTOME DATABASE ID RELEASE 93%5668914		16	0.18255411	0.45465392	0.9802198	0.99194336	1.0	530	tags=56%, list=55%, signal=123%	
BEHAVIOR%GOBP%GO:0007610	BEHAVIOR%GOBP%GO:0007610		15	0.16264792	0.40177864	0.9955207	0.9981406	1.0	410	tags=40%, list=42%, signal=68%	
G ALPHA (Q) SIGNALLING EVENTS%REACTOME%R-HSA-416476.8	G ALPHA (Q) SIGNALLING EVENTS%REACTOME%R-HSA-416476.8		19	0.14562431	0.37890938	1.0	0.9986759	1.0	399	tags=37%, list=41%, signal=62%	
CARBOHYDRATE METABOLIC PROCESS%GOBP%GO:0005975	CARBOHYDRATE METABOLIC PROCESS%GOBP%GO:0005975		16	0.14528649	0.37343717	0.99667037	0.9977081	1.0	441	tags=44%, list=46%, signal=79%	
